event,trade_date,feature,weight
learner_fit,,intercept,-0.0001755498824813269
learner_fit,,mentions,1.180712537008968e-06
learner_fit,,z_score,-1.2264382742379541e-05
learner_fit,,mentions_momentum,-2.8991397126336755e-06
learner_fit,,mentions_rank,-0.002143553755593767
daily_refit,2023-01-03,intercept,-0.0001784876204383771
daily_refit,2023-01-03,mentions,7.181022009149966e-07
daily_refit,2023-01-03,z_score,-1.0430806400532368e-05
daily_refit,2023-01-03,mentions_momentum,-2.7508904335572606e-06
daily_refit,2023-01-03,mentions_rank,-0.0021408966516510953
daily_refit,2023-01-04,intercept,-0.00018431616507167672
daily_refit,2023-01-04,mentions,6.902463209399314e-07
daily_refit,2023-01-04,z_score,-1.0246358292364356e-05
daily_refit,2023-01-04,mentions_momentum,-2.7171159108555055e-06
daily_refit,2023-01-04,mentions_rank,-0.002102829250927213
daily_refit,2023-01-05,intercept,-0.00016127786420313907
daily_refit,2023-01-05,mentions,2.387684851688451e-07
daily_refit,2023-01-05,z_score,-1.0213234069040758e-05
daily_refit,2023-01-05,mentions_momentum,-2.2914642983561014e-06
daily_refit,2023-01-05,mentions_rank,-0.0021016163540869197
daily_refit,2023-01-06,intercept,-8.666395296360208e-05
daily_refit,2023-01-06,mentions,6.117787812217869e-07
daily_refit,2023-01-06,z_score,-1.4132858000773483e-05
daily_refit,2023-01-06,mentions_momentum,-2.1970969990127948e-06
daily_refit,2023-01-06,mentions_rank,-0.0020573659148011244
daily_refit,2023-01-09,intercept,-0.00010376778022855418
daily_refit,2023-01-09,mentions,7.128723819887941e-07
daily_refit,2023-01-09,z_score,-1.5060607425506778e-05
daily_refit,2023-01-09,mentions_momentum,-2.2602091364124806e-06
daily_refit,2023-01-09,mentions_rank,-0.002046780754264574
daily_refit,2023-01-10,intercept,-6.45297556619137e-05
daily_refit,2023-01-10,mentions,-6.421290404751894e-08
daily_refit,2023-01-10,z_score,-1.731888226953703e-05
daily_refit,2023-01-10,mentions_momentum,-1.8509296196350463e-06
daily_refit,2023-01-10,mentions_rank,-0.0018547095727231033
daily_refit,2023-01-11,intercept,-3.0088491787758463e-05
daily_refit,2023-01-11,mentions,-6.557368497759513e-07
daily_refit,2023-01-11,z_score,-1.9299564181009012e-05
daily_refit,2023-01-11,mentions_momentum,-1.5621702266231501e-06
daily_refit,2023-01-11,mentions_rank,-0.001708513047901798
daily_refit,2023-01-12,intercept,-5.944464058412454e-05
daily_refit,2023-01-12,mentions,-7.45251379091595e-07
daily_refit,2023-01-12,z_score,-1.7738056457788265e-05
daily_refit,2023-01-12,mentions_momentum,-1.533333500265366e-06
daily_refit,2023-01-12,mentions_rank,-0.0016807271436306919
daily_refit,2023-01-13,intercept,-1.7929666615777326e-05
daily_refit,2023-01-13,mentions,-8.395546170943124e-07
daily_refit,2023-01-13,z_score,-1.9808642758904512e-05
daily_refit,2023-01-13,mentions_momentum,-1.405204624178402e-06
daily_refit,2023-01-13,mentions_rank,-0.0015976716495717269
daily_refit,2023-01-17,intercept,-1.3521600926170075e-05
daily_refit,2023-01-17,mentions,-8.304306101834059e-07
daily_refit,2023-01-17,z_score,-2.0627954134765863e-05
daily_refit,2023-01-17,mentions_momentum,-1.6136101795329979e-06
daily_refit,2023-01-17,mentions_rank,-0.0015407262181346669
daily_refit,2023-01-18,intercept,-9.792280228332574e-05
daily_refit,2023-01-18,mentions,9.319744096337318e-08
daily_refit,2023-01-18,z_score,-1.9257187748683064e-05
daily_refit,2023-01-18,mentions_momentum,-2.1945987322651977e-06
daily_refit,2023-01-18,mentions_rank,-0.001734978498962353
daily_refit,2023-01-19,intercept,-0.00010477806456436384
daily_refit,2023-01-19,mentions,2.8972174173202275e-08
daily_refit,2023-01-19,z_score,-2.0176077024850665e-05
daily_refit,2023-01-19,mentions_momentum,-2.1291629991326636e-06
daily_refit,2023-01-19,mentions_rank,-0.0016821516765814636
daily_refit,2023-01-20,intercept,-4.838067318329672e-05
daily_refit,2023-01-20,mentions,-1.75958884335802e-07
daily_refit,2023-01-20,z_score,-2.3172524738740162e-05
daily_refit,2023-01-20,mentions_momentum,-1.92802179023614e-06
daily_refit,2023-01-20,mentions_rank,-0.001586448525359553
daily_refit,2023-01-23,intercept,-2.2847049124399833e-05
daily_refit,2023-01-23,mentions,3.686700615360898e-08
daily_refit,2023-01-23,z_score,-2.280273212832049e-05
daily_refit,2023-01-23,mentions_momentum,-2.489275631971879e-06
daily_refit,2023-01-23,mentions_rank,-0.0015659139496685497
daily_refit,2023-01-24,intercept,-5.1913177256609106e-05
daily_refit,2023-01-24,mentions,1.1644325861297092e-07
daily_refit,2023-01-24,z_score,-2.1700033481927736e-05
daily_refit,2023-01-24,mentions_momentum,-2.587051659845696e-06
daily_refit,2023-01-24,mentions_rank,-0.0015728489486322244
daily_refit,2023-01-25,intercept,1.6614705662867604e-05
daily_refit,2023-01-25,mentions,1.1147252351718874e-06
daily_refit,2023-01-25,z_score,-2.3646205062677027e-05
daily_refit,2023-01-25,mentions_momentum,-2.14139398164881e-06
daily_refit,2023-01-25,mentions_rank,-0.001579642322907426
daily_refit,2023-01-26,intercept,1.854972818404921e-05
daily_refit,2023-01-26,mentions,1.8196007522317106e-06
daily_refit,2023-01-26,z_score,-2.2751725510871797e-05
daily_refit,2023-01-26,mentions_momentum,-2.55951096820886e-06
daily_refit,2023-01-26,mentions_rank,-0.0016495108594246563
daily_refit,2023-01-27,intercept,1.2307629104759373e-05
daily_refit,2023-01-27,mentions,3.1742555028024214e-06
daily_refit,2023-01-27,z_score,-2.155657063589495e-05
daily_refit,2023-01-27,mentions_momentum,-4.3950287698956636e-06
daily_refit,2023-01-27,mentions_rank,-0.001656372840350512
daily_refit,2023-01-30,intercept,1.5397973842196494e-05
daily_refit,2023-01-30,mentions,3.19316262740832e-06
daily_refit,2023-01-30,z_score,-2.0369665456531284e-05
daily_refit,2023-01-30,mentions_momentum,-4.358645534110785e-06
daily_refit,2023-01-30,mentions_rank,-0.001732330941181998
daily_refit,2023-01-31,intercept,4.9434211416632676e-05
daily_refit,2023-01-31,mentions,3.0334727795705617e-06
daily_refit,2023-01-31,z_score,-2.2299184596600234e-05
daily_refit,2023-01-31,mentions_momentum,-4.249910981400146e-06
daily_refit,2023-01-31,mentions_rank,-0.0016644948459263416
daily_refit,2023-02-01,intercept,9.854883437188375e-05
daily_refit,2023-02-01,mentions,2.000605738456696e-06
daily_refit,2023-02-01,z_score,-2.1711596878728798e-05
daily_refit,2023-02-01,mentions_momentum,-3.250815998144159e-06
daily_refit,2023-02-01,mentions_rank,-0.0012061639458458783
daily_refit,2023-02-02,intercept,7.930536783434534e-05
daily_refit,2023-02-02,mentions,2.1249993301288836e-06
daily_refit,2023-02-02,z_score,-2.8145507474383387e-05
daily_refit,2023-02-02,mentions_momentum,-3.6309539711569523e-06
daily_refit,2023-02-02,mentions_rank,-0.0012765465509418335
daily_refit,2023-02-03,intercept,4.21392420299431e-05
daily_refit,2023-02-03,mentions,2.3305621527779474e-06
daily_refit,2023-02-03,z_score,-2.9603970720819855e-05
daily_refit,2023-02-03,mentions_momentum,-3.7032038326714255e-06
daily_refit,2023-02-03,mentions_rank,-0.0011661025246079237
daily_refit,2023-02-06,intercept,2.595757004364173e-05
daily_refit,2023-02-06,mentions,2.0714387651599953e-06
daily_refit,2023-02-06,z_score,-3.052269758325391e-05
daily_refit,2023-02-06,mentions_momentum,-3.256803676941906e-06
daily_refit,2023-02-06,mentions_rank,-0.0011338051561300497
daily_refit,2023-02-07,intercept,4.912573971469601e-05
daily_refit,2023-02-07,mentions,1.839253781252693e-06
daily_refit,2023-02-07,z_score,-3.124410447748698e-05
daily_refit,2023-02-07,mentions_momentum,-3.101435820164469e-06
daily_refit,2023-02-07,mentions_rank,-0.0010728494314264528
daily_refit,2023-02-08,intercept,6.303768749832923e-05
daily_refit,2023-02-08,mentions,1.8250386082533643e-06
daily_refit,2023-02-08,z_score,-3.069765038641409e-05
daily_refit,2023-02-08,mentions_momentum,-3.0977137484338603e-06
daily_refit,2023-02-08,mentions_rank,-0.001056228618766533
daily_refit,2023-02-09,intercept,-3.839572949670254e-06
daily_refit,2023-02-09,mentions,1.5128602786807388e-06
daily_refit,2023-02-09,z_score,-2.8064842023462356e-05
daily_refit,2023-02-09,mentions_momentum,-3.3345678482214395e-06
daily_refit,2023-02-09,mentions_rank,-0.0011095371094911241
daily_refit,2023-02-10,intercept,2.847157397404434e-05
daily_refit,2023-02-10,mentions,1.502514689724163e-06
daily_refit,2023-02-10,z_score,-2.9396025859555868e-05
daily_refit,2023-02-10,mentions_momentum,-3.256904916983979e-06
daily_refit,2023-02-10,mentions_rank,-0.0011762752776528892
daily_refit,2023-02-13,intercept,4.632896350346916e-05
daily_refit,2023-02-13,mentions,1.1040197876758398e-06
daily_refit,2023-02-13,z_score,-3.003871901467307e-05
daily_refit,2023-02-13,mentions_momentum,-2.958309778442405e-06
daily_refit,2023-02-13,mentions_rank,-0.0011033096206988706
daily_refit,2023-02-14,intercept,2.430883400857985e-05
daily_refit,2023-02-14,mentions,1.0314504925262012e-06
daily_refit,2023-02-14,z_score,-2.8980125100653758e-05
daily_refit,2023-02-14,mentions_momentum,-2.707730042922348e-06
daily_refit,2023-02-14,mentions_rank,-0.0009521543412087524
daily_refit,2023-02-15,intercept,2.1068423180726137e-05
daily_refit,2023-02-15,mentions,1.1799521535963748e-06
daily_refit,2023-02-15,z_score,-2.6975976365300246e-05
daily_refit,2023-02-15,mentions_momentum,-2.915916695337743e-06
daily_refit,2023-02-15,mentions_rank,-0.0009176217371539089
daily_refit,2023-02-16,intercept,-4.504630794707442e-06
daily_refit,2023-02-16,mentions,1.3996095984398875e-06
daily_refit,2023-02-16,z_score,-2.706859023919875e-05
daily_refit,2023-02-16,mentions_momentum,-2.819548830680732e-06
daily_refit,2023-02-16,mentions_rank,-0.0010482869367978986
daily_refit,2023-02-21,intercept,-4.138856446661106e-05
daily_refit,2023-02-21,mentions,1.487728304820262e-06
daily_refit,2023-02-21,z_score,-2.679403424153549e-05
daily_refit,2023-02-21,mentions_momentum,-2.7806977209697177e-06
daily_refit,2023-02-21,mentions_rank,-0.0010598257078791185
daily_refit,2023-02-22,intercept,-3.600501476910212e-05
daily_refit,2023-02-22,mentions,1.2540735552685233e-06
daily_refit,2023-02-22,z_score,-2.8150503091769114e-05
daily_refit,2023-02-22,mentions_momentum,-2.570148804463483e-06
daily_refit,2023-02-22,mentions_rank,-0.0009666284480377651
daily_refit,2023-02-23,intercept,-7.402458652644622e-05
daily_refit,2023-02-23,mentions,1.6071513796104528e-06
daily_refit,2023-02-23,z_score,-2.7193079740664676e-05
daily_refit,2023-02-23,mentions_momentum,-2.757759526869448e-06
daily_refit,2023-02-23,mentions_rank,-0.0010896187818346518
daily_refit,2023-02-24,intercept,-2.8159806229703982e-05
daily_refit,2023-02-24,mentions,1.8840045304246915e-06
daily_refit,2023-02-24,z_score,-2.9171385537162602e-05
daily_refit,2023-02-24,mentions_momentum,-3.0887592044840994e-06
daily_refit,2023-02-24,mentions_rank,-0.0011478586665085925
daily_refit,2023-02-27,intercept,-5.8350698230796825e-05
daily_refit,2023-02-27,mentions,2.093648992156804e-06
daily_refit,2023-02-27,z_score,-2.8569731942793346e-05
daily_refit,2023-02-27,mentions_momentum,-3.2683118720176267e-06
daily_refit,2023-02-27,mentions_rank,-0.0011455439595989526
daily_refit,2023-02-28,intercept,-7.302164371834771e-05
daily_refit,2023-02-28,mentions,1.972392523645397e-06
daily_refit,2023-02-28,z_score,-2.6573738186517153e-05
daily_refit,2023-02-28,mentions_momentum,-3.272844235578721e-06
daily_refit,2023-02-28,mentions_rank,-0.0011151958199420108
daily_refit,2023-03-01,intercept,-8.42651846390583e-05
daily_refit,2023-03-01,mentions,1.8565823871669721e-06
daily_refit,2023-03-01,z_score,-2.4059295568014794e-05
daily_refit,2023-03-01,mentions_momentum,-3.37686552534838e-06
daily_refit,2023-03-01,mentions_rank,-0.0011916734715493693
daily_refit,2023-03-02,intercept,-2.084505192243616e-05
daily_refit,2023-03-02,mentions,2.465977351631488e-06
daily_refit,2023-03-02,z_score,-2.8520442369754934e-05
daily_refit,2023-03-02,mentions_momentum,-3.341097829830093e-06
daily_refit,2023-03-02,mentions_rank,-0.0012234232301345772
daily_refit,2023-03-03,intercept,1.2354772093729673e-05
daily_refit,2023-03-03,mentions,2.421364102414698e-06
daily_refit,2023-03-03,z_score,-2.8968270142658264e-05
daily_refit,2023-03-03,mentions_momentum,-3.4823048317201363e-06
daily_refit,2023-03-03,mentions_rank,-0.0011790232196142256
daily_refit,2023-03-06,intercept,-2.2430814477900495e-06
daily_refit,2023-03-06,mentions,2.527304486738582e-06
daily_refit,2023-03-06,z_score,-2.8268576173664993e-05
daily_refit,2023-03-06,mentions_momentum,-3.5073087745118935e-06
daily_refit,2023-03-06,mentions_rank,-0.0012033122264776695
daily_refit,2023-03-07,intercept,-4.967452864260174e-05
daily_refit,2023-03-07,mentions,2.8397715771799666e-06
daily_refit,2023-03-07,z_score,-2.587907091564333e-05
daily_refit,2023-03-07,mentions_momentum,-3.715713836545895e-06
daily_refit,2023-03-07,mentions_rank,-0.0012507119559670129
daily_refit,2023-03-08,intercept,-3.5886636685180816e-05
daily_refit,2023-03-08,mentions,2.780097757668914e-06
daily_refit,2023-03-08,z_score,-2.6970489262030932e-05
daily_refit,2023-03-08,mentions_momentum,-3.689188736443924e-06
daily_refit,2023-03-08,mentions_rank,-0.001244672770491628
daily_refit,2023-03-09,intercept,-0.00010152842563177948
daily_refit,2023-03-09,mentions,3.648950901245646e-06
daily_refit,2023-03-09,z_score,-2.1502666276777364e-05
daily_refit,2023-03-09,mentions_momentum,-4.211731401964918e-06
daily_refit,2023-03-09,mentions_rank,-0.0014540284904912579
daily_refit,2023-03-10,intercept,-0.00020950925910884533
daily_refit,2023-03-10,mentions,4.1426598995088725e-06
daily_refit,2023-03-10,z_score,-2.8090526643233025e-05
daily_refit,2023-03-10,mentions_momentum,-4.3926362072917925e-06
daily_refit,2023-03-10,mentions_rank,-0.0014962095669360817
daily_refit,2023-03-13,intercept,-0.00023768659627575338
daily_refit,2023-03-13,mentions,3.579995711354623e-06
daily_refit,2023-03-13,z_score,-3.0366149453158525e-05
daily_refit,2023-03-13,mentions_momentum,-4.225683841256657e-06
daily_refit,2023-03-13,mentions_rank,-0.0011987008823584088
daily_refit,2023-03-16,intercept,-0.0001748573282311417
daily_refit,2023-03-16,mentions,3.497117865370347e-06
daily_refit,2023-03-16,z_score,-2.963380802970951e-05
daily_refit,2023-03-16,mentions_momentum,-4.269906077578911e-06
daily_refit,2023-03-16,mentions_rank,-0.0011846198649560985
daily_refit,2023-03-17,intercept,-0.00020763317916937216
daily_refit,2023-03-17,mentions,3.508821251955019e-06
daily_refit,2023-03-17,z_score,-3.015842813226768e-05
daily_refit,2023-03-17,mentions_momentum,-4.290086081080647e-06
daily_refit,2023-03-17,mentions_rank,-0.0011665275066666456
daily_refit,2023-03-20,intercept,-0.00013489242186060372
daily_refit,2023-03-20,mentions,3.26044670891116e-06
daily_refit,2023-03-20,z_score,-2.2214115249120083e-05
daily_refit,2023-03-20,mentions_momentum,-4.306223643479709e-06
daily_refit,2023-03-20,mentions_rank,-0.001182543180714884
daily_refit,2023-03-21,intercept,-0.00013401086371081194
daily_refit,2023-03-21,mentions,3.06565586468259e-06
daily_refit,2023-03-21,z_score,-2.2178640251833223e-05
daily_refit,2023-03-21,mentions_momentum,-4.235424325680505e-06
daily_refit,2023-03-21,mentions_rank,-0.0011111281631138693
daily_refit,2023-03-22,intercept,-0.0001952948950017586
daily_refit,2023-03-22,mentions,3.2194889889474416e-06
daily_refit,2023-03-22,z_score,-2.238434064021983e-05
daily_refit,2023-03-22,mentions_momentum,-4.376343826417057e-06
daily_refit,2023-03-22,mentions_rank,-0.0010948968523259287
daily_refit,2023-03-23,intercept,-0.0002428885255528292
daily_refit,2023-03-23,mentions,3.1782567832271575e-06
daily_refit,2023-03-23,z_score,-2.2339849073682332e-05
daily_refit,2023-03-23,mentions_momentum,-4.332408395768093e-06
daily_refit,2023-03-23,mentions_rank,-0.001034114393350667
daily_refit,2023-03-24,intercept,-0.00015958936207014336
daily_refit,2023-03-24,mentions,3.1480938170460687e-06
daily_refit,2023-03-24,z_score,-2.3286517799162316e-05
daily_refit,2023-03-24,mentions_momentum,-4.3500880884501515e-06
daily_refit,2023-03-24,mentions_rank,-0.001087940953379395
daily_refit,2023-03-27,intercept,-0.0001719581130447892
daily_refit,2023-03-27,mentions,3.2184435737382146e-06
daily_refit,2023-03-27,z_score,-2.3646823228856405e-05
daily_refit,2023-03-27,mentions_momentum,-4.328043384759758e-06
daily_refit,2023-03-27,mentions_rank,-0.0011082313248860927
daily_refit,2023-03-28,intercept,-0.00012962453994976917
daily_refit,2023-03-28,mentions,2.950243992498681e-06
daily_refit,2023-03-28,z_score,-2.3833956297273476e-05
daily_refit,2023-03-28,mentions_momentum,-4.1785337153035574e-06
daily_refit,2023-03-28,mentions_rank,-0.0010642571968812863
daily_refit,2023-03-29,intercept,-8.608392125206028e-05
daily_refit,2023-03-29,mentions,2.8179772959020455e-06
daily_refit,2023-03-29,z_score,-2.3698248811415087e-05
daily_refit,2023-03-29,mentions_momentum,-4.004804568315088e-06
daily_refit,2023-03-29,mentions_rank,-0.0010462663376517732
daily_refit,2023-03-30,intercept,-7.92879513652437e-05
daily_refit,2023-03-30,mentions,2.7544455771359326e-06
daily_refit,2023-03-30,z_score,-2.4030846062677114e-05
daily_refit,2023-03-30,mentions_momentum,-3.824325998929045e-06
daily_refit,2023-03-30,mentions_rank,-0.001065750122130305
daily_refit,2023-03-31,intercept,-4.795369520859161e-05
daily_refit,2023-03-31,mentions,2.5380403049419826e-06
daily_refit,2023-03-31,z_score,-2.6011703171074687e-05
daily_refit,2023-03-31,mentions_momentum,-3.7041231557628104e-06
daily_refit,2023-03-31,mentions_rank,-0.0010246932815963419
daily_refit,2023-04-03,intercept,-4.065365588097859e-05
daily_refit,2023-04-03,mentions,2.3899913031189576e-06
daily_refit,2023-04-03,z_score,-2.5643420049579356e-05
daily_refit,2023-04-03,mentions_momentum,-3.668562157959325e-06
daily_refit,2023-04-03,mentions_rank,-0.0009905513128488652
daily_refit,2023-04-04,intercept,-8.028157868940831e-05
daily_refit,2023-04-04,mentions,2.9482478015221603e-06
daily_refit,2023-04-04,z_score,-2.398526819514291e-05
daily_refit,2023-04-04,mentions_momentum,-3.937242831851844e-06
daily_refit,2023-04-04,mentions_rank,-0.0011183568868736802
daily_refit,2023-04-05,intercept,-8.103422421672933e-05
daily_refit,2023-04-05,mentions,3.0977786591085058e-06
daily_refit,2023-04-05,z_score,-2.272088144334425e-05
daily_refit,2023-04-05,mentions_momentum,-3.99333876068785e-06
daily_refit,2023-04-05,mentions_rank,-0.001180765278397222
daily_refit,2023-04-06,intercept,-9.082943749503532e-05
daily_refit,2023-04-06,mentions,3.0468020260388616e-06
daily_refit,2023-04-06,z_score,-2.3093565612017747e-05
daily_refit,2023-04-06,mentions_momentum,-3.967566883381202e-06
daily_refit,2023-04-06,mentions_rank,-0.0011508742897762103
daily_refit,2023-04-10,intercept,-5.092469360903381e-05
daily_refit,2023-04-10,mentions,2.533429847004505e-06
daily_refit,2023-04-10,z_score,-2.5027061789006328e-05
daily_refit,2023-04-10,mentions_momentum,-3.69657024736367e-06
daily_refit,2023-04-10,mentions_rank,-0.0010546161974264337
daily_refit,2023-04-11,intercept,-2.071009599922607e-05
daily_refit,2023-04-11,mentions,2.3505213255318257e-06
daily_refit,2023-04-11,z_score,-2.528523172226461e-05
daily_refit,2023-04-11,mentions_momentum,-3.5995121183360672e-06
daily_refit,2023-04-11,mentions_rank,-0.0010409416840868515
daily_refit,2023-04-12,intercept,-4.5229076077188416e-05
daily_refit,2023-04-12,mentions,2.60391555738574e-06
daily_refit,2023-04-12,z_score,-2.372269351030522e-05
daily_refit,2023-04-12,mentions_momentum,-3.707336445639277e-06
daily_refit,2023-04-12,mentions_rank,-0.0010951610213896254
daily_refit,2023-04-13,intercept,-2.930155054147352e-05
daily_refit,2023-04-13,mentions,2.418096914520235e-06
daily_refit,2023-04-13,z_score,-2.3314366231711872e-05
daily_refit,2023-04-13,mentions_momentum,-3.6370890101641076e-06
daily_refit,2023-04-13,mentions_rank,-0.0010599546489820691
daily_refit,2023-04-14,intercept,-4.1073455153440495e-05
daily_refit,2023-04-14,mentions,2.376957072644307e-06
daily_refit,2023-04-14,z_score,-2.358921746682027e-05
daily_refit,2023-04-14,mentions_momentum,-3.608898675666602e-06
daily_refit,2023-04-14,mentions_rank,-0.0010303270121886083
daily_refit,2023-04-17,intercept,-1.0063787144807117e-05
daily_refit,2023-04-17,mentions,2.237138190831905e-06
daily_refit,2023-04-17,z_score,-2.370394641898385e-05
daily_refit,2023-04-17,mentions_momentum,-3.584255652150703e-06
daily_refit,2023-04-17,mentions_rank,-0.0010121312730456873
daily_refit,2023-04-18,intercept,-2.7809052829290026e-05
daily_refit,2023-04-18,mentions,2.363235648510373e-06
daily_refit,2023-04-18,z_score,-2.3938546288398453e-05
daily_refit,2023-04-18,mentions_momentum,-3.6696137232601356e-06
daily_refit,2023-04-18,mentions_rank,-0.001041619977141037
daily_refit,2023-04-19,intercept,-3.7583771045453047e-05
daily_refit,2023-04-19,mentions,2.1744834175168896e-06
daily_refit,2023-04-19,z_score,-2.1687784923386525e-05
daily_refit,2023-04-19,mentions_momentum,-3.7405075968161243e-06
daily_refit,2023-04-19,mentions_rank,-0.001028242662072179
daily_refit,2023-04-20,intercept,-2.7764685147243492e-05
daily_refit,2023-04-20,mentions,2.171096377986209e-06
daily_refit,2023-04-20,z_score,-2.059778910415969e-05
daily_refit,2023-04-20,mentions_momentum,-3.89211636467014e-06
daily_refit,2023-04-20,mentions_rank,-0.0010484479073574733
daily_refit,2023-04-21,intercept,-3.4336243357251144e-05
daily_refit,2023-04-21,mentions,2.0812885261397773e-06
daily_refit,2023-04-21,z_score,-2.0661815244110593e-05
daily_refit,2023-04-21,mentions_momentum,-3.832548768911102e-06
daily_refit,2023-04-21,mentions_rank,-0.0010208030369496049
daily_refit,2023-04-24,intercept,-4.6162841002861945e-05
daily_refit,2023-04-24,mentions,2.137268241819778e-06
daily_refit,2023-04-24,z_score,-1.973687316932968e-05
daily_refit,2023-04-24,mentions_momentum,-3.8295747021605946e-06
daily_refit,2023-04-24,mentions_rank,-0.0010402716111860904
daily_refit,2023-04-25,intercept,-9.410305791462815e-05
daily_refit,2023-04-25,mentions,2.1788375806844617e-06
daily_refit,2023-04-25,z_score,-1.8550651500968768e-05
daily_refit,2023-04-25,mentions_momentum,-3.882087037857481e-06
daily_refit,2023-04-25,mentions_rank,-0.000995157855677868
daily_refit,2023-04-26,intercept,-0.00010589756443297117
daily_refit,2023-04-26,mentions,2.0709472604324457e-06
daily_refit,2023-04-26,z_score,-1.8181304749487006e-05
daily_refit,2023-04-26,mentions_momentum,-3.6846044410756233e-06
daily_refit,2023-04-26,mentions_rank,-0.0009288272414986719
daily_refit,2023-04-27,intercept,-7.245219822225063e-05
daily_refit,2023-04-27,mentions,2.262573943368031e-06
daily_refit,2023-04-27,z_score,-1.769545700256739e-05
daily_refit,2023-04-27,mentions_momentum,-4.071741498348873e-06
daily_refit,2023-04-27,mentions_rank,-0.0009318625507143872
daily_refit,2023-04-28,intercept,-3.2353312009034914e-05
daily_refit,2023-04-28,mentions,2.0165655638749097e-06
daily_refit,2023-04-28,z_score,-1.856723230035169e-05
daily_refit,2023-04-28,mentions_momentum,-4.2072230463526606e-06
daily_refit,2023-04-28,mentions_rank,-0.0009656197181601045
daily_refit,2023-05-01,intercept,-4.205935576481348e-05
daily_refit,2023-05-01,mentions,1.791457695374829e-06
daily_refit,2023-05-01,z_score,-2.138099578779105e-05
daily_refit,2023-05-01,mentions_momentum,-3.618388759714476e-06
daily_refit,2023-05-01,mentions_rank,-0.0009734270334263661
daily_refit,2023-05-02,intercept,-6.290289249552745e-05
daily_refit,2023-05-02,mentions,1.8848462669290758e-06
daily_refit,2023-05-02,z_score,-2.1822172151514176e-05
daily_refit,2023-05-02,mentions_momentum,-3.6794915712311025e-06
daily_refit,2023-05-02,mentions_rank,-0.0009851154267472328
daily_refit,2023-05-03,intercept,-9.065439167231332e-05
daily_refit,2023-05-03,mentions,1.9901982429821696e-06
daily_refit,2023-05-03,z_score,-2.9050907237420688e-05
daily_refit,2023-05-03,mentions_momentum,-3.744015423767898e-06
daily_refit,2023-05-03,mentions_rank,-0.000993358645490712
daily_refit,2023-05-04,intercept,-8.397319320432768e-05
daily_refit,2023-05-04,mentions,1.8518931321488517e-06
daily_refit,2023-05-04,z_score,-1.9260199787430362e-05
daily_refit,2023-05-04,mentions_momentum,-3.873860631649341e-06
daily_refit,2023-05-04,mentions_rank,-0.0009066204539874339
daily_refit,2023-05-05,intercept,-5.2488229742092995e-05
daily_refit,2023-05-05,mentions,1.919343443526954e-06
daily_refit,2023-05-05,z_score,-1.7198848787379734e-05
daily_refit,2023-05-05,mentions_momentum,-3.9235210336914145e-06
daily_refit,2023-05-05,mentions_rank,-0.0009050662508662938
daily_refit,2023-05-08,intercept,-8.137247140334552e-05
daily_refit,2023-05-08,mentions,2.03901327936651e-06
daily_refit,2023-05-08,z_score,-2.2625758778815554e-05
daily_refit,2023-05-08,mentions_momentum,-4.041088636567407e-06
daily_refit,2023-05-08,mentions_rank,-0.0008451335106063112
daily_refit,2023-05-09,intercept,-5.1274716677468826e-05
daily_refit,2023-05-09,mentions,1.969840992768583e-06
daily_refit,2023-05-09,z_score,-2.2996167373807774e-05
daily_refit,2023-05-09,mentions_momentum,-3.980554265898485e-06
daily_refit,2023-05-09,mentions_rank,-0.0008538538352381334
daily_refit,2023-05-10,intercept,-8.415410244154703e-05
daily_refit,2023-05-10,mentions,2.083598950560183e-06
daily_refit,2023-05-10,z_score,-2.4460447069941854e-05
daily_refit,2023-05-10,mentions_momentum,-4.0192263300306135e-06
daily_refit,2023-05-10,mentions_rank,-0.000833058873584043
daily_refit,2023-05-11,intercept,-7.423279555448377e-05
daily_refit,2023-05-11,mentions,2.0948145253757403e-06
daily_refit,2023-05-11,z_score,-2.472749029516711e-05
daily_refit,2023-05-11,mentions_momentum,-4.036221757780873e-06
daily_refit,2023-05-11,mentions_rank,-0.0008532442494322205
daily_refit,2023-05-12,intercept,-7.680916065108035e-05
daily_refit,2023-05-12,mentions,2.073679679310601e-06
daily_refit,2023-05-12,z_score,-2.403741885254892e-05
daily_refit,2023-05-12,mentions_momentum,-3.989453256784178e-06
daily_refit,2023-05-12,mentions_rank,-0.0008969350197588038
daily_refit,2023-05-15,intercept,-7.264907891404721e-05
daily_refit,2023-05-15,mentions,2.081753869435948e-06
daily_refit,2023-05-15,z_score,-2.4022436258356068e-05
daily_refit,2023-05-15,mentions_momentum,-3.977797220309815e-06
daily_refit,2023-05-15,mentions_rank,-0.0009088824160853374
daily_refit,2023-05-16,intercept,-8.944387339954221e-05
daily_refit,2023-05-16,mentions,2.060189829793429e-06
daily_refit,2023-05-16,z_score,-2.481672518296804e-05
daily_refit,2023-05-16,mentions_momentum,-3.9563207851138015e-06
daily_refit,2023-05-16,mentions_rank,-0.0008756069454122091
daily_refit,2023-05-17,intercept,-7.62109053953943e-05
daily_refit,2023-05-17,mentions,1.851360869827076e-06
daily_refit,2023-05-17,z_score,-2.593854031520134e-05
daily_refit,2023-05-17,mentions_momentum,-3.801202725607912e-06
daily_refit,2023-05-17,mentions_rank,-0.0008077686087529767
daily_refit,2023-05-18,intercept,-3.8499325283788395e-05
daily_refit,2023-05-18,mentions,1.572271607344286e-06
daily_refit,2023-05-18,z_score,-2.7822427364593474e-05
daily_refit,2023-05-18,mentions_momentum,-3.618812518175438e-06
daily_refit,2023-05-18,mentions_rank,-0.0007462420238896725
daily_refit,2023-05-19,intercept,-5.5313165662844e-05
daily_refit,2023-05-19,mentions,1.674555393997141e-06
daily_refit,2023-05-19,z_score,-2.6770181741521537e-05
daily_refit,2023-05-19,mentions_momentum,-3.725645511876754e-06
daily_refit,2023-05-19,mentions_rank,-0.0007781439825451398
daily_refit,2023-05-22,intercept,-6.265537847564545e-05
daily_refit,2023-05-22,mentions,1.641753088787613e-06
daily_refit,2023-05-22,z_score,-2.6760662770903024e-05
daily_refit,2023-05-22,mentions_momentum,-3.7405714798479175e-06
daily_refit,2023-05-22,mentions_rank,-0.000753447419765051
daily_refit,2023-05-23,intercept,-9.280676293365285e-05
daily_refit,2023-05-23,mentions,1.9013477685145822e-06
daily_refit,2023-05-23,z_score,-2.4354254205845336e-05
daily_refit,2023-05-23,mentions_momentum,-3.897504643606454e-06
daily_refit,2023-05-23,mentions_rank,-0.0008000829974935159
daily_refit,2023-05-24,intercept,-0.00012701856212034036
daily_refit,2023-05-24,mentions,1.3970775482455184e-06
daily_refit,2023-05-24,z_score,-2.602382665121266e-05
daily_refit,2023-05-24,mentions_momentum,-3.514672567047906e-06
daily_refit,2023-05-24,mentions_rank,-0.0005424880530433324
daily_refit,2023-05-25,intercept,-0.0001179635162750399
daily_refit,2023-05-25,mentions,1.211594571793322e-06
daily_refit,2023-05-25,z_score,-2.4324846761092107e-05
daily_refit,2023-05-25,mentions_momentum,-3.6492756005449335e-06
daily_refit,2023-05-25,mentions_rank,-0.0005613299117096976
daily_refit,2023-05-26,intercept,-8.68741398302227e-05
daily_refit,2023-05-26,mentions,3.0586798480865555e-06
daily_refit,2023-05-26,z_score,-7.705375683395242e-06
daily_refit,2023-05-26,mentions_momentum,-6.5070846071495925e-06
daily_refit,2023-05-26,mentions_rank,-0.0005891050068590002
daily_refit,2023-05-30,intercept,-0.00011121223712331131
daily_refit,2023-05-30,mentions,3.2053444304491046e-06
daily_refit,2023-05-30,z_score,-1.3064639345500303e-05
daily_refit,2023-05-30,mentions_momentum,-6.3713989780568164e-06
daily_refit,2023-05-30,mentions_rank,-0.0006332480841232776
daily_refit,2023-05-31,intercept,-0.00011111234948465892
daily_refit,2023-05-31,mentions,3.14902928451923e-06
daily_refit,2023-05-31,z_score,-8.8309068091053e-06
daily_refit,2023-05-31,mentions_momentum,-6.403856639406663e-06
daily_refit,2023-05-31,mentions_rank,-0.0006549782956564319
daily_refit,2023-06-01,intercept,-7.426992483391657e-05
daily_refit,2023-06-01,mentions,2.944028561474445e-06
daily_refit,2023-06-01,z_score,-8.053077611166731e-06
daily_refit,2023-06-01,mentions_momentum,-6.227488316402737e-06
daily_refit,2023-06-01,mentions_rank,-0.0005655090971188258
daily_refit,2023-06-02,intercept,-4.533643229382562e-05
daily_refit,2023-06-02,mentions,2.9827846296797775e-06
daily_refit,2023-06-02,z_score,-8.787719594382844e-06
daily_refit,2023-06-02,mentions_momentum,-6.282780907010602e-06
daily_refit,2023-06-02,mentions_rank,-0.0006516521124870135
daily_refit,2023-06-06,intercept,-1.9417680568208296e-05
daily_refit,2023-06-06,mentions,2.7458832003998134e-06
daily_refit,2023-06-06,z_score,-1.1532353608860857e-05
daily_refit,2023-06-06,mentions_momentum,-6.145913119332775e-06
daily_refit,2023-06-06,mentions_rank,-0.0006033932877216744
daily_refit,2023-06-07,intercept,3.603504160505599e-06
daily_refit,2023-06-07,mentions,3.0125311190172603e-06
daily_refit,2023-06-07,z_score,-1.0276311949602737e-05
daily_refit,2023-06-07,mentions_momentum,-6.274970516256778e-06
daily_refit,2023-06-07,mentions_rank,-0.0007349776167310744
daily_refit,2023-06-08,intercept,9.267379160149481e-06
daily_refit,2023-06-08,mentions,2.8522696863489523e-06
daily_refit,2023-06-08,z_score,-8.229949972279836e-06
daily_refit,2023-06-08,mentions_momentum,-6.405556981120269e-06
daily_refit,2023-06-08,mentions_rank,-0.0006275513195572397
daily_refit,2023-06-09,intercept,8.02144814002576e-06
daily_refit,2023-06-09,mentions,3.0030992823353283e-06
daily_refit,2023-06-09,z_score,-1.5837837503330214e-05
daily_refit,2023-06-09,mentions_momentum,-6.659712550718153e-06
daily_refit,2023-06-09,mentions_rank,-0.0006855035926933472
daily_refit,2023-06-12,intercept,2.221145354492903e-05
daily_refit,2023-06-12,mentions,2.8190607387380794e-06
daily_refit,2023-06-12,z_score,-1.5946556108630322e-05
daily_refit,2023-06-12,mentions_momentum,-6.934914202480334e-06
daily_refit,2023-06-12,mentions_rank,-0.0005589071394584988
daily_refit,2023-06-13,intercept,5.439848868283686e-05
daily_refit,2023-06-13,mentions,2.9367841043278436e-06
daily_refit,2023-06-13,z_score,-1.8859446803274212e-05
daily_refit,2023-06-13,mentions_momentum,-6.988817569691379e-06
daily_refit,2023-06-13,mentions_rank,-0.0006284489331050278
daily_refit,2023-06-14,intercept,3.360334946395942e-05
daily_refit,2023-06-14,mentions,2.7303129263583987e-06
daily_refit,2023-06-14,z_score,-1.8313889200200534e-05
daily_refit,2023-06-14,mentions_momentum,-7.021854160812795e-06
daily_refit,2023-06-14,mentions_rank,-0.0005590229899821897
daily_refit,2023-06-15,intercept,8.510973070574232e-05
daily_refit,2023-06-15,mentions,2.640957720773474e-06
daily_refit,2023-06-15,z_score,-1.6110210908573643e-05
daily_refit,2023-06-15,mentions_momentum,-7.019139364554363e-06
daily_refit,2023-06-15,mentions_rank,-0.000514213231708052
daily_refit,2023-06-16,intercept,5.500827084077819e-05
daily_refit,2023-06-16,mentions,2.7861356707781263e-06
daily_refit,2023-06-16,z_score,-2.3157013347917314e-05
daily_refit,2023-06-16,mentions_momentum,-7.1244383670919885e-06
daily_refit,2023-06-16,mentions_rank,-0.000561522448617883
daily_refit,2023-06-20,intercept,3.791592567133236e-05
daily_refit,2023-06-20,mentions,2.921328367578762e-06
daily_refit,2023-06-20,z_score,-2.2845668981447938e-05
daily_refit,2023-06-20,mentions_momentum,-7.264252599635421e-06
daily_refit,2023-06-20,mentions_rank,-0.0005554872280409165
daily_refit,2023-06-21,intercept,4.9509046544249666e-05
daily_refit,2023-06-21,mentions,2.873674838881402e-06
daily_refit,2023-06-21,z_score,-2.0820934332924334e-05
daily_refit,2023-06-21,mentions_momentum,-7.5885618642877e-06
daily_refit,2023-06-21,mentions_rank,-0.0006712028632618722
daily_refit,2023-06-22,intercept,2.0616730335305084e-05
daily_refit,2023-06-22,mentions,3.089077444129069e-06
daily_refit,2023-06-22,z_score,-1.967364933438461e-05
daily_refit,2023-06-22,mentions_momentum,-7.812713910280736e-06
daily_refit,2023-06-22,mentions_rank,-0.0006519939860230615
daily_refit,2023-06-23,intercept,1.7558948352191448e-05
daily_refit,2023-06-23,mentions,2.9642061192502324e-06
daily_refit,2023-06-23,z_score,-2.133960005918607e-05
daily_refit,2023-06-23,mentions_momentum,-7.70823272313084e-06
daily_refit,2023-06-23,mentions_rank,-0.0006311880890805394
daily_refit,2023-06-26,intercept,4.16418893647383e-05
daily_refit,2023-06-26,mentions,2.9340207326853128e-06
daily_refit,2023-06-26,z_score,-2.1042818633313365e-05
daily_refit,2023-06-26,mentions_momentum,-7.641066338196396e-06
daily_refit,2023-06-26,mentions_rank,-0.0006770028478102673
daily_refit,2023-06-27,intercept,6.381306102293575e-05
daily_refit,2023-06-27,mentions,2.7994282782002387e-06
daily_refit,2023-06-27,z_score,-2.1634269650004087e-05
daily_refit,2023-06-27,mentions_momentum,-7.576504959976602e-06
daily_refit,2023-06-27,mentions_rank,-0.0006487113247602273
daily_refit,2023-06-28,intercept,5.885581453657442e-05
daily_refit,2023-06-28,mentions,2.6839091438347506e-06
daily_refit,2023-06-28,z_score,-2.2156333388033684e-05
daily_refit,2023-06-28,mentions_momentum,-7.464316219596744e-06
daily_refit,2023-06-28,mentions_rank,-0.0005691092895625865
daily_refit,2023-06-29,intercept,0.00010421825125731667
daily_refit,2023-06-29,mentions,2.7343999891277786e-06
daily_refit,2023-06-29,z_score,-2.3806020601278616e-05
daily_refit,2023-06-29,mentions_momentum,-7.4965946255929305e-06
daily_refit,2023-06-29,mentions_rank,-0.0006254455104378009
daily_refit,2023-06-30,intercept,0.00010131703600187134
daily_refit,2023-06-30,mentions,2.670695103609359e-06
daily_refit,2023-06-30,z_score,-2.4481191288650144e-05
daily_refit,2023-06-30,mentions_momentum,-7.451432485496461e-06
daily_refit,2023-06-30,mentions_rank,-0.0005804765416713431
daily_refit,2023-07-03,intercept,9.83635698479652e-05
daily_refit,2023-07-03,mentions,2.539830041389253e-06
daily_refit,2023-07-03,z_score,-2.481247524578937e-05
daily_refit,2023-07-03,mentions_momentum,-7.308257753083783e-06
daily_refit,2023-07-03,mentions_rank,-0.0005508685160831887
daily_refit,2023-07-05,intercept,7.584231743004145e-05
daily_refit,2023-07-05,mentions,2.656393164320805e-06
daily_refit,2023-07-05,z_score,-2.3418945932199027e-05
daily_refit,2023-07-05,mentions_momentum,-7.3796723383378265e-06
daily_refit,2023-07-05,mentions_rank,-0.0005597499025475996
daily_refit,2023-07-06,intercept,7.127088073656918e-05
daily_refit,2023-07-06,mentions,2.7015369041637945e-06
daily_refit,2023-07-06,z_score,-2.2959320552660128e-05
daily_refit,2023-07-06,mentions_momentum,-7.419316861277032e-06
daily_refit,2023-07-06,mentions_rank,-0.0005683310092481135
daily_refit,2023-07-07,intercept,8.378636321928447e-05
daily_refit,2023-07-07,mentions,2.734001090906697e-06
daily_refit,2023-07-07,z_score,-2.585595628036148e-05
daily_refit,2023-07-07,mentions_momentum,-7.394575458259649e-06
daily_refit,2023-07-07,mentions_rank,-0.0005812463442060833
daily_refit,2023-07-10,intercept,0.00011696379658371098
daily_refit,2023-07-10,mentions,2.379237933917037e-06
daily_refit,2023-07-10,z_score,-2.7044176230501262e-05
daily_refit,2023-07-10,mentions_momentum,-7.194498815032322e-06
daily_refit,2023-07-10,mentions_rank,-0.0005399198605352856
daily_refit,2023-07-11,intercept,0.0001586978528266711
daily_refit,2023-07-11,mentions,2.07640193627693e-06
daily_refit,2023-07-11,z_score,-2.9397041465896275e-05
daily_refit,2023-07-11,mentions_momentum,-6.964053770960541e-06
daily_refit,2023-07-11,mentions_rank,-0.0004817849440038181
daily_refit,2023-07-12,intercept,0.0001501762157660146
daily_refit,2023-07-12,mentions,2.0074860794613795e-06
daily_refit,2023-07-12,z_score,-2.8977218279077814e-05
daily_refit,2023-07-12,mentions_momentum,-6.943239537113059e-06
daily_refit,2023-07-12,mentions_rank,-0.00045224432053004703
daily_refit,2023-07-13,intercept,0.00015734695614022507
daily_refit,2023-07-13,mentions,1.985035182741654e-06
daily_refit,2023-07-13,z_score,-3.197020899735202e-05
daily_refit,2023-07-13,mentions_momentum,-6.895244113108692e-06
daily_refit,2023-07-13,mentions_rank,-0.0004192172423539278
daily_refit,2023-07-14,intercept,0.0001328390068352876
daily_refit,2023-07-14,mentions,1.9033668430285445e-06
daily_refit,2023-07-14,z_score,-3.2342516069197125e-05
daily_refit,2023-07-14,mentions_momentum,-6.901378580686347e-06
daily_refit,2023-07-14,mentions_rank,-0.00037744791020139277
daily_refit,2023-07-17,intercept,0.00014229715300885696
daily_refit,2023-07-17,mentions,1.852420665865777e-06
daily_refit,2023-07-17,z_score,-3.278334050968728e-05
daily_refit,2023-07-17,mentions_momentum,-6.905228651366727e-06
daily_refit,2023-07-17,mentions_rank,-0.00035912500942293147
daily_refit,2023-07-18,intercept,0.00016230458470127345
daily_refit,2023-07-18,mentions,1.6423950562993554e-06
daily_refit,2023-07-18,z_score,-3.19960045507005e-05
daily_refit,2023-07-18,mentions_momentum,-6.769527428195314e-06
daily_refit,2023-07-18,mentions_rank,-0.00029909921816686634
daily_refit,2023-07-19,intercept,0.0001701050618715264
daily_refit,2023-07-19,mentions,1.5466158988524722e-06
daily_refit,2023-07-19,z_score,-3.1769791366634326e-05
daily_refit,2023-07-19,mentions_momentum,-6.855355840751862e-06
daily_refit,2023-07-19,mentions_rank,-0.00035859810860411074
daily_refit,2023-07-20,intercept,0.00018265296998771745
daily_refit,2023-07-20,mentions,8.094219805814e-07
daily_refit,2023-07-20,z_score,-3.078464459925841e-05
daily_refit,2023-07-20,mentions_momentum,-6.829556851270972e-06
daily_refit,2023-07-20,mentions_rank,-0.00039206286397687316
daily_refit,2023-07-21,intercept,0.0001816272770486782
daily_refit,2023-07-21,mentions,8.220076712731219e-08
daily_refit,2023-07-21,z_score,-3.119642572407252e-05
daily_refit,2023-07-21,mentions_momentum,-5.922658366069786e-06
daily_refit,2023-07-21,mentions_rank,-0.0003977289237109507
daily_refit,2023-07-24,intercept,0.00017913204570512705
daily_refit,2023-07-24,mentions,2.4494218056866413e-07
daily_refit,2023-07-24,z_score,-3.134329662400876e-05
daily_refit,2023-07-24,mentions_momentum,-6.147684260917004e-06
daily_refit,2023-07-24,mentions_rank,-0.0003791535321720484
daily_refit,2023-07-25,intercept,0.00018160872685856437
daily_refit,2023-07-25,mentions,2.5637225380007665e-07
daily_refit,2023-07-25,z_score,-3.032316804897757e-05
daily_refit,2023-07-25,mentions_momentum,-6.1322420333701625e-06
daily_refit,2023-07-25,mentions_rank,-0.00039069078337982196
daily_refit,2023-07-26,intercept,0.0002054531956680175
daily_refit,2023-07-26,mentions,3.4103212789691976e-07
daily_refit,2023-07-26,z_score,-3.20422594610304e-05
daily_refit,2023-07-26,mentions_momentum,-6.0048336146884945e-06
daily_refit,2023-07-26,mentions_rank,-0.00038740527782185516
daily_refit,2023-07-27,intercept,0.00019329908824407429
daily_refit,2023-07-27,mentions,1.0262456366420082e-07
daily_refit,2023-07-27,z_score,-3.2731625900295895e-05
daily_refit,2023-07-27,mentions_momentum,-5.76672897009008e-06
daily_refit,2023-07-27,mentions_rank,-0.00038327941334232005
daily_refit,2023-07-28,intercept,0.00018513541416266568
daily_refit,2023-07-28,mentions,3.342500109469905e-08
daily_refit,2023-07-28,z_score,-3.396885623045165e-05
daily_refit,2023-07-28,mentions_momentum,-5.811631034717989e-06
daily_refit,2023-07-28,mentions_rank,-0.0003171240660676733
daily_refit,2023-07-31,intercept,0.00017449489413333042
daily_refit,2023-07-31,mentions,-8.339969181041969e-08
daily_refit,2023-07-31,z_score,-3.423889620629329e-05
daily_refit,2023-07-31,mentions_momentum,-5.6842489390062e-06
daily_refit,2023-07-31,mentions_rank,-0.0002863876416560749
daily_refit,2023-08-01,intercept,0.00016484873156458974
daily_refit,2023-08-01,mentions,2.882774248607207e-08
daily_refit,2023-08-01,z_score,-3.345926395074237e-05
daily_refit,2023-08-01,mentions_momentum,-5.7539341387462395e-06
daily_refit,2023-08-01,mentions_rank,-0.0003184913901106332
daily_refit,2023-08-02,intercept,0.00015374561776746132
daily_refit,2023-08-02,mentions,-1.2528715783753367e-07
daily_refit,2023-08-02,z_score,-3.242833875680661e-05
daily_refit,2023-08-02,mentions_momentum,-6.03107296897063e-06
daily_refit,2023-08-02,mentions_rank,-0.00038840920840990705
daily_refit,2023-08-03,intercept,0.0001544577988392614
daily_refit,2023-08-03,mentions,-7.114282720631316e-08
daily_refit,2023-08-03,z_score,-3.263961876812021e-05
daily_refit,2023-08-03,mentions_momentum,-6.277787611708684e-06
daily_refit,2023-08-03,mentions_rank,-0.00032977235631362166
daily_refit,2023-08-04,intercept,0.0001516726451714279
daily_refit,2023-08-04,mentions,-1.0603792923837558e-07
daily_refit,2023-08-04,z_score,-3.469171454080744e-05
daily_refit,2023-08-04,mentions_momentum,-6.285414488735352e-06
daily_refit,2023-08-04,mentions_rank,-0.0003667790889462397
daily_refit,2023-08-07,intercept,0.00014334263667493472
daily_refit,2023-08-07,mentions,-1.5890300595614018e-07
daily_refit,2023-08-07,z_score,-3.5711739549034456e-05
daily_refit,2023-08-07,mentions_momentum,-6.027247713842659e-06
daily_refit,2023-08-07,mentions_rank,-0.0003880652991054137
daily_refit,2023-08-08,intercept,0.00015307976235402453
daily_refit,2023-08-08,mentions,-2.128710993992079e-07
daily_refit,2023-08-08,z_score,-3.752357563974627e-05
daily_refit,2023-08-08,mentions_momentum,-6.055798707068715e-06
daily_refit,2023-08-08,mentions_rank,-0.0003979497542454515
daily_refit,2023-08-09,intercept,0.00015855441041647423
daily_refit,2023-08-09,mentions,-1.3701518701082408e-07
daily_refit,2023-08-09,z_score,-4.7029793792107674e-05
daily_refit,2023-08-09,mentions_momentum,-5.756496332380719e-06
daily_refit,2023-08-09,mentions_rank,-0.00044381414282485747
daily_refit,2023-08-10,intercept,0.000136236028092288
daily_refit,2023-08-10,mentions,4.682105082114173e-08
daily_refit,2023-08-10,z_score,-4.5825971006020526e-05
daily_refit,2023-08-10,mentions_momentum,-5.8312886634721375e-06
daily_refit,2023-08-10,mentions_rank,-0.00046556600638388636
daily_refit,2023-08-11,intercept,0.00013913675178713308
daily_refit,2023-08-11,mentions,-1.3524625793604465e-08
daily_refit,2023-08-11,z_score,-4.577845023561031e-05
daily_refit,2023-08-11,mentions_momentum,-5.7061191470354886e-06
daily_refit,2023-08-11,mentions_rank,-0.00047955348789343737
daily_refit,2023-08-14,intercept,0.00012964728941087551
daily_refit,2023-08-14,mentions,2.9190276736071162e-08
daily_refit,2023-08-14,z_score,-4.5788269626816665e-05
daily_refit,2023-08-14,mentions_momentum,-5.687057511500454e-06
daily_refit,2023-08-14,mentions_rank,-0.0004497242151481273
daily_refit,2023-08-15,intercept,0.00011148346953962027
daily_refit,2023-08-15,mentions,2.790052674823513e-07
daily_refit,2023-08-15,z_score,-4.408160553998781e-05
daily_refit,2023-08-15,mentions_momentum,-5.833340156618251e-06
daily_refit,2023-08-15,mentions_rank,-0.0004998965734906067
daily_refit,2023-08-16,intercept,0.00010523815418145135
daily_refit,2023-08-16,mentions,3.7918657068553415e-07
daily_refit,2023-08-16,z_score,-4.35108184394777e-05
daily_refit,2023-08-16,mentions_momentum,-5.877766749625805e-06
daily_refit,2023-08-16,mentions_rank,-0.000534580167688664
daily_refit,2023-08-17,intercept,6.044696140528748e-05
daily_refit,2023-08-17,mentions,5.41188945927413e-07
daily_refit,2023-08-17,z_score,-4.342162740328556e-05
daily_refit,2023-08-17,mentions_momentum,-5.962335708601797e-06
daily_refit,2023-08-17,mentions_rank,-0.0005642529165122773
daily_refit,2023-08-18,intercept,8.376965195668947e-05
daily_refit,2023-08-18,mentions,4.116179597956223e-07
daily_refit,2023-08-18,z_score,-4.2518809328636364e-05
daily_refit,2023-08-18,mentions_momentum,-5.8923853514602095e-06
daily_refit,2023-08-18,mentions_rank,-0.0005205853883253559
daily_refit,2023-08-21,intercept,8.277760095528073e-05
daily_refit,2023-08-21,mentions,4.286984787968416e-07
daily_refit,2023-08-21,z_score,-4.299680603142893e-05
daily_refit,2023-08-21,mentions_momentum,-6.023023590464654e-06
daily_refit,2023-08-21,mentions_rank,-0.00045898332821280523
daily_refit,2023-08-22,intercept,7.936184577063472e-05
daily_refit,2023-08-22,mentions,4.0510392108218917e-07
daily_refit,2023-08-22,z_score,-4.1796759632983284e-05
daily_refit,2023-08-22,mentions_momentum,-6.214259722793898e-06
daily_refit,2023-08-22,mentions_rank,-0.0005128609388526703
daily_refit,2023-08-23,intercept,9.447033133082131e-05
daily_refit,2023-08-23,mentions,8.315329583689073e-07
daily_refit,2023-08-23,z_score,-4.1470635723865464e-05
daily_refit,2023-08-23,mentions_momentum,-6.582946513410383e-06
daily_refit,2023-08-23,mentions_rank,-0.0004720518875386475
daily_refit,2023-08-24,intercept,8.016594887192406e-05
daily_refit,2023-08-24,mentions,5.568450106358311e-08
daily_refit,2023-08-24,z_score,-4.05339021241995e-05
daily_refit,2023-08-24,mentions_momentum,-6.940006407850254e-06
daily_refit,2023-08-24,mentions_rank,-0.0005038355703671448
daily_refit,2023-08-25,intercept,9.398329173908684e-05
daily_refit,2023-08-25,mentions,-2.2762145466109085e-07
daily_refit,2023-08-25,z_score,-4.212932891728842e-05
daily_refit,2023-08-25,mentions_momentum,-6.6460213023435176e-06
daily_refit,2023-08-25,mentions_rank,-0.00047602452647922547
daily_refit,2023-08-28,intercept,9.918041303858915e-05
daily_refit,2023-08-28,mentions,-3.448188891315246e-07
daily_refit,2023-08-28,z_score,-4.261341843104464e-05
daily_refit,2023-08-28,mentions_momentum,-6.591390958758191e-06
daily_refit,2023-08-28,mentions_rank,-0.00045375342699536365
daily_refit,2023-08-29,intercept,0.0001193887856404515
daily_refit,2023-08-29,mentions,-8.319734982889653e-07
daily_refit,2023-08-29,z_score,-4.492711803265002e-05
daily_refit,2023-08-29,mentions_momentum,-6.329250464300214e-06
daily_refit,2023-08-29,mentions_rank,-0.0003348385567496666
daily_refit,2023-08-30,intercept,0.0001278165432548209
daily_refit,2023-08-30,mentions,-9.498646618607748e-07
daily_refit,2023-08-30,z_score,-4.44140513818161e-05
daily_refit,2023-08-30,mentions_momentum,-6.275437339521669e-06
daily_refit,2023-08-30,mentions_rank,-0.0003121832813268577
daily_refit,2023-08-31,intercept,0.0001317692905429177
daily_refit,2023-08-31,mentions,-1.051644297338789e-06
daily_refit,2023-08-31,z_score,-4.457658132363156e-05
daily_refit,2023-08-31,mentions_momentum,-6.236272172756166e-06
daily_refit,2023-08-31,mentions_rank,-0.0002862637289293855
daily_refit,2023-09-01,intercept,0.00012122139048421409
daily_refit,2023-09-01,mentions,-1.0307191002671614e-06
daily_refit,2023-09-01,z_score,-4.368298189977766e-05
daily_refit,2023-09-01,mentions_momentum,-6.274670477738798e-06
daily_refit,2023-09-01,mentions_rank,-0.0003023469068123905
daily_refit,2023-09-05,intercept,9.727926098455776e-05
daily_refit,2023-09-05,mentions,-6.2530469227873e-07
daily_refit,2023-09-05,z_score,-4.1877373761757864e-05
daily_refit,2023-09-05,mentions_momentum,-6.510005891895306e-06
daily_refit,2023-09-05,mentions_rank,-0.00035960584291617537
daily_refit,2023-09-06,intercept,9.436875070260335e-05
daily_refit,2023-09-06,mentions,-3.752772773439336e-07
daily_refit,2023-09-06,z_score,-4.02850234777617e-05
daily_refit,2023-09-06,mentions_momentum,-6.667303901015688e-06
daily_refit,2023-09-06,mentions_rank,-0.000444109025972829
daily_refit,2023-09-07,intercept,9.127813319636766e-05
daily_refit,2023-09-07,mentions,-4.543148703549305e-07
daily_refit,2023-09-07,z_score,-4.087652442441634e-05
daily_refit,2023-09-07,mentions_momentum,-6.630009724744151e-06
daily_refit,2023-09-07,mentions_rank,-0.0004061723056866853
daily_refit,2023-09-08,intercept,9.850149232711714e-05
daily_refit,2023-09-08,mentions,-6.537869834661081e-07
daily_refit,2023-09-08,z_score,-4.194451077254437e-05
daily_refit,2023-09-08,mentions_momentum,-6.5319121767248436e-06
daily_refit,2023-09-08,mentions_rank,-0.00034975137600466185
daily_refit,2023-09-11,intercept,8.953564644210764e-05
daily_refit,2023-09-11,mentions,-5.163613991430064e-07
daily_refit,2023-09-11,z_score,-4.071691731396763e-05
daily_refit,2023-09-11,mentions_momentum,-6.5926768295282344e-06
daily_refit,2023-09-11,mentions_rank,-0.0003725485632740138
daily_refit,2023-09-12,intercept,9.218371128304793e-05
daily_refit,2023-09-12,mentions,-5.103940689069617e-07
daily_refit,2023-09-12,z_score,-4.104271488569192e-05
daily_refit,2023-09-12,mentions_momentum,-6.6254445470617725e-06
daily_refit,2023-09-12,mentions_rank,-0.0003872005022382664
daily_refit,2023-09-13,intercept,9.769151768733015e-05
daily_refit,2023-09-13,mentions,-5.612828872048823e-07
daily_refit,2023-09-13,z_score,-4.199378589020176e-05
daily_refit,2023-09-13,mentions_momentum,-6.658718219663258e-06
daily_refit,2023-09-13,mentions_rank,-0.0003642217296565504
daily_refit,2023-09-14,intercept,0.00010020819786488138
daily_refit,2023-09-14,mentions,-4.882023005489656e-07
daily_refit,2023-09-14,z_score,-4.2766839316128104e-05
daily_refit,2023-09-14,mentions_momentum,-6.700203561016502e-06
daily_refit,2023-09-14,mentions_rank,-0.0003773507940981429
daily_refit,2023-09-15,intercept,8.96968185044673e-05
daily_refit,2023-09-15,mentions,-2.973405704338241e-07
daily_refit,2023-09-15,z_score,-4.144189692766395e-05
daily_refit,2023-09-15,mentions_momentum,-6.804794059372465e-06
daily_refit,2023-09-15,mentions_rank,-0.0004338910491877576
daily_refit,2023-09-18,intercept,8.780782841450665e-05
daily_refit,2023-09-18,mentions,-2.1971929402490837e-07
daily_refit,2023-09-18,z_score,-4.1198715977194213e-05
daily_refit,2023-09-18,mentions_momentum,-6.837175687378886e-06
daily_refit,2023-09-18,mentions_rank,-0.00045297468994913377
daily_refit,2023-09-19,intercept,9.25760321789625e-05
daily_refit,2023-09-19,mentions,-2.9930174444620024e-07
daily_refit,2023-09-19,z_score,-4.145600800881259e-05
daily_refit,2023-09-19,mentions_momentum,-6.79782704407714e-06
daily_refit,2023-09-19,mentions_rank,-0.00043798863052272756
daily_refit,2023-09-20,intercept,6.799553967285931e-05
daily_refit,2023-09-20,mentions,2.181944883020437e-07
daily_refit,2023-09-20,z_score,-3.843108544439803e-05
daily_refit,2023-09-20,mentions_momentum,-7.062338749645758e-06
daily_refit,2023-09-20,mentions_rank,-0.0005532884289467178
daily_refit,2023-09-21,intercept,4.191671370599493e-05
daily_refit,2023-09-21,mentions,3.067995913987857e-07
daily_refit,2023-09-21,z_score,-3.760838877570332e-05
daily_refit,2023-09-21,mentions_momentum,-7.1281438768480036e-06
daily_refit,2023-09-21,mentions_rank,-0.0005469889538693061
daily_refit,2023-09-22,intercept,2.4323183779816436e-05
daily_refit,2023-09-22,mentions,5.195137937938734e-07
daily_refit,2023-09-22,z_score,-3.6435660984532515e-05
daily_refit,2023-09-22,mentions_momentum,-7.237497224573816e-06
daily_refit,2023-09-22,mentions_rank,-0.0005948400566540941
daily_refit,2023-09-25,intercept,2.606470704356906e-05
daily_refit,2023-09-25,mentions,5.248024769809943e-07
daily_refit,2023-09-25,z_score,-3.644789882012054e-05
daily_refit,2023-09-25,mentions_momentum,-7.246323533938442e-06
daily_refit,2023-09-25,mentions_rank,-0.0005972836948220418
daily_refit,2023-09-26,intercept,2.050597463635263e-05
daily_refit,2023-09-26,mentions,6.600791510088643e-07
daily_refit,2023-09-26,z_score,-3.595424615683865e-05
daily_refit,2023-09-26,mentions_momentum,-7.318220931844622e-06
daily_refit,2023-09-26,mentions_rank,-0.000625041538103611
daily_refit,2023-09-27,intercept,1.4604591984765649e-05
daily_refit,2023-09-27,mentions,7.138625064448441e-07
daily_refit,2023-09-27,z_score,-3.519663680501973e-05
daily_refit,2023-09-27,mentions_momentum,-7.337699400280788e-06
daily_refit,2023-09-27,mentions_rank,-0.0006313937756369279
daily_refit,2023-09-28,intercept,4.467649457684172e-05
daily_refit,2023-09-28,mentions,3.993834442627721e-07
daily_refit,2023-09-28,z_score,-3.708922803288922e-05
daily_refit,2023-09-28,mentions_momentum,-7.1775904468578385e-06
daily_refit,2023-09-28,mentions_rank,-0.0005685370493947763
daily_refit,2023-09-29,intercept,1.6848158504133035e-05
daily_refit,2023-09-29,mentions,6.219130427959302e-07
daily_refit,2023-09-29,z_score,-3.569221940227971e-05
daily_refit,2023-09-29,mentions_momentum,-7.3317967070527006e-06
daily_refit,2023-09-29,mentions_rank,-0.000597355422606873
daily_refit,2023-10-02,intercept,-9.458997485492425e-06
daily_refit,2023-10-02,mentions,1.0915052918406907e-06
daily_refit,2023-10-02,z_score,-3.3238404031312024e-05
daily_refit,2023-10-02,mentions_momentum,-7.574415884989403e-06
daily_refit,2023-10-02,mentions_rank,-0.000679306442097807
daily_refit,2023-10-03,intercept,-1.685496050982053e-05
daily_refit,2023-10-03,mentions,1.247935720323833e-06
daily_refit,2023-10-03,z_score,-3.16535697533624e-05
daily_refit,2023-10-03,mentions_momentum,-7.670053025732884e-06
daily_refit,2023-10-03,mentions_rank,-0.0007147730030218552
daily_refit,2023-10-04,intercept,-1.3856875235993167e-05
daily_refit,2023-10-04,mentions,1.1589839951001073e-06
daily_refit,2023-10-04,z_score,-3.149917714695935e-05
daily_refit,2023-10-04,mentions_momentum,-7.636110706318371e-06
daily_refit,2023-10-04,mentions_rank,-0.0006906770063733763
daily_refit,2023-10-05,intercept,-1.926867391636027e-05
daily_refit,2023-10-05,mentions,1.6569222154335479e-06
daily_refit,2023-10-05,z_score,-2.9831031400968783e-05
daily_refit,2023-10-05,mentions_momentum,-7.88307500831175e-06
daily_refit,2023-10-05,mentions_rank,-0.0008122105781034067
daily_refit,2023-10-06,intercept,-4.559776776241558e-06
daily_refit,2023-10-06,mentions,1.0798740452707179e-06
daily_refit,2023-10-06,z_score,-3.2428889781535203e-05
daily_refit,2023-10-06,mentions_momentum,-7.5889362227654634e-06
daily_refit,2023-10-06,mentions_rank,-0.0006798680572037549
daily_refit,2023-10-09,intercept,2.5768832205521432e-05
daily_refit,2023-10-09,mentions,7.331603018975372e-07
daily_refit,2023-10-09,z_score,-3.227040786559296e-05
daily_refit,2023-10-09,mentions_momentum,-7.392657987205893e-06
daily_refit,2023-10-09,mentions_rank,-0.0006220793253713502
daily_refit,2023-10-10,intercept,3.936256244060867e-05
daily_refit,2023-10-10,mentions,6.266875459734055e-07
daily_refit,2023-10-10,z_score,-3.393580414762112e-05
daily_refit,2023-10-10,mentions_momentum,-7.321759064667858e-06
daily_refit,2023-10-10,mentions_rank,-0.0006024557956328483
daily_refit,2023-10-11,intercept,4.264066587348412e-05
daily_refit,2023-10-11,mentions,5.646421929804646e-07
daily_refit,2023-10-11,z_score,-3.345510064823939e-05
daily_refit,2023-10-11,mentions_momentum,-7.304350277453996e-06
daily_refit,2023-10-11,mentions_rank,-0.0005913421840667726
daily_refit,2023-10-12,intercept,1.45664201339471e-05
daily_refit,2023-10-12,mentions,5.82261798736358e-07
daily_refit,2023-10-12,z_score,-3.291899756135409e-05
daily_refit,2023-10-12,mentions_momentum,-7.322567632016698e-06
daily_refit,2023-10-12,mentions_rank,-0.0005654558873902032
daily_refit,2023-10-13,intercept,1.7341919152900414e-05
daily_refit,2023-10-13,mentions,6.391287770820953e-07
daily_refit,2023-10-13,z_score,-3.249381063015614e-05
daily_refit,2023-10-13,mentions_momentum,-7.327851483639389e-06
daily_refit,2023-10-13,mentions_rank,-0.000596621247466149
daily_refit,2023-10-16,intercept,1.5354964544440946e-05
daily_refit,2023-10-16,mentions,6.184885082483656e-07
daily_refit,2023-10-16,z_score,-3.222632206532145e-05
daily_refit,2023-10-16,mentions_momentum,-7.315385435987284e-06
daily_refit,2023-10-16,mentions_rank,-0.0005911568497381624
daily_refit,2023-10-17,intercept,2.6463587987340543e-05
daily_refit,2023-10-17,mentions,4.607705334731802e-07
daily_refit,2023-10-17,z_score,-3.267728351389421e-05
daily_refit,2023-10-17,mentions_momentum,-7.227758802368924e-06
daily_refit,2023-10-17,mentions_rank,-0.0005672617212772974
daily_refit,2023-10-18,intercept,2.8538951251756177e-08
daily_refit,2023-10-18,mentions,5.088327670458288e-07
daily_refit,2023-10-18,z_score,-3.304516686162916e-05
daily_refit,2023-10-18,mentions_momentum,-7.238596287659898e-06
daily_refit,2023-10-18,mentions_rank,-0.0005572181372762019
daily_refit,2023-10-19,intercept,-2.6112051555413987e-05
daily_refit,2023-10-19,mentions,4.556321892810829e-07
daily_refit,2023-10-19,z_score,-3.1992164960553905e-05
daily_refit,2023-10-19,mentions_momentum,-7.430439683154908e-06
daily_refit,2023-10-19,mentions_rank,-0.0005685748381449279
daily_refit,2023-10-20,intercept,-5.9942026025432985e-05
daily_refit,2023-10-20,mentions,4.929427670150304e-07
daily_refit,2023-10-20,z_score,-3.14801820482023e-05
daily_refit,2023-10-20,mentions_momentum,-7.2197163768538785e-06
daily_refit,2023-10-20,mentions_rank,-0.0006024636056048414
daily_refit,2023-10-23,intercept,-5.678367893938157e-05
daily_refit,2023-10-23,mentions,2.2706416767762387e-07
daily_refit,2023-10-23,z_score,-3.251527855056314e-05
daily_refit,2023-10-23,mentions_momentum,-7.116058271787875e-06
daily_refit,2023-10-23,mentions_rank,-0.0005169325056901804
daily_refit,2023-10-24,intercept,-6.284287696795495e-05
daily_refit,2023-10-24,mentions,2.409485849021601e-07
daily_refit,2023-10-24,z_score,-3.206067792843237e-05
daily_refit,2023-10-24,mentions_momentum,-7.129167540655426e-06
daily_refit,2023-10-24,mentions_rank,-0.0005160036407372917
daily_refit,2023-10-25,intercept,-7.606218521548323e-05
daily_refit,2023-10-25,mentions,1.8971869705906744e-07
daily_refit,2023-10-25,z_score,-3.096304285711948e-05
daily_refit,2023-10-25,mentions_momentum,-7.2481632678931405e-06
daily_refit,2023-10-25,mentions_rank,-0.0005421924111146288
daily_refit,2023-10-26,intercept,-7.569276146206355e-05
daily_refit,2023-10-26,mentions,1.512418912499221e-07
daily_refit,2023-10-26,z_score,-3.1925762546060485e-05
daily_refit,2023-10-26,mentions_momentum,-7.1095340294356154e-06
daily_refit,2023-10-26,mentions_rank,-0.0005467012819267436
daily_refit,2023-10-27,intercept,-9.086859916701845e-05
daily_refit,2023-10-27,mentions,3.3215165175616836e-07
daily_refit,2023-10-27,z_score,-3.267229365320615e-05
daily_refit,2023-10-27,mentions_momentum,-7.1348349852803264e-06
daily_refit,2023-10-27,mentions_rank,-0.0005243742610879435
daily_refit,2023-10-30,intercept,-8.084552456338392e-05
daily_refit,2023-10-30,mentions,3.8838668832542704e-07
daily_refit,2023-10-30,z_score,-3.305657206716181e-05
daily_refit,2023-10-30,mentions_momentum,-7.243429693926218e-06
daily_refit,2023-10-30,mentions_rank,-0.0005329568403021832
daily_refit,2023-10-31,intercept,-6.857299317135282e-05
daily_refit,2023-10-31,mentions,4.903486873863956e-08
daily_refit,2023-10-31,z_score,-3.3391876657179025e-05
daily_refit,2023-10-31,mentions_momentum,-7.051551860447008e-06
daily_refit,2023-10-31,mentions_rank,-0.0004558958050806222
daily_refit,2023-11-01,intercept,-5.159297316492327e-05
daily_refit,2023-11-01,mentions,-4.505354033312051e-07
daily_refit,2023-11-01,z_score,-3.4748488027897133e-05
daily_refit,2023-11-01,mentions_momentum,-6.647190069158463e-06
daily_refit,2023-11-01,mentions_rank,-0.00028944661830005857
daily_refit,2023-11-02,intercept,9.511956527977423e-06
daily_refit,2023-11-02,mentions,-3.602251708406997e-07
daily_refit,2023-11-02,z_score,-3.638731957767495e-05
daily_refit,2023-11-02,mentions_momentum,-6.639393681817929e-06
daily_refit,2023-11-02,mentions_rank,-0.00036596384970129735
daily_refit,2023-11-03,intercept,1.816348692358127e-05
daily_refit,2023-11-03,mentions,-4.659904238660522e-07
daily_refit,2023-11-03,z_score,-3.588202602275653e-05
daily_refit,2023-11-03,mentions_momentum,-6.504652209957001e-06
daily_refit,2023-11-03,mentions_rank,-0.00030133265979679806
daily_refit,2023-11-06,intercept,2.745159992181552e-06
daily_refit,2023-11-06,mentions,-2.6487498497632203e-07
daily_refit,2023-11-06,z_score,-3.469396353460333e-05
daily_refit,2023-11-06,mentions_momentum,-6.685746437367225e-06
daily_refit,2023-11-06,mentions_rank,-0.00031919612221538874
daily_refit,2023-11-07,intercept,3.7613491093714236e-06
daily_refit,2023-11-07,mentions,-4.4215180588700375e-07
daily_refit,2023-11-07,z_score,-3.440064336110361e-05
daily_refit,2023-11-07,mentions_momentum,-6.594009102001261e-06
daily_refit,2023-11-07,mentions_rank,-0.0002729361770058187
daily_refit,2023-11-08,intercept,4.154603910540894e-06
daily_refit,2023-11-08,mentions,-5.358655072146303e-07
daily_refit,2023-11-08,z_score,-3.4316435121876635e-05
daily_refit,2023-11-08,mentions_momentum,-6.547993635493958e-06
daily_refit,2023-11-08,mentions_rank,-0.00024871891042008187
daily_refit,2023-11-09,intercept,-1.4080742496194517e-05
daily_refit,2023-11-09,mentions,-3.1536635225937705e-07
daily_refit,2023-11-09,z_score,-3.4884853875738426e-05
daily_refit,2023-11-09,mentions_momentum,-6.609375541375939e-06
daily_refit,2023-11-09,mentions_rank,-0.00027687334424468556
daily_refit,2023-11-10,intercept,-7.2359019883977265e-06
daily_refit,2023-11-10,mentions,-5.770043955817953e-07
daily_refit,2023-11-10,z_score,-3.293707556133892e-05
daily_refit,2023-11-10,mentions_momentum,-6.476188154348379e-06
daily_refit,2023-11-10,mentions_rank,-0.00022311788663686711
daily_refit,2023-11-13,intercept,1.5506127106658806e-05
daily_refit,2023-11-13,mentions,-1.4734513841488599e-06
daily_refit,2023-11-13,z_score,-3.666508992305331e-05
daily_refit,2023-11-13,mentions_momentum,-6.068344406066671e-06
daily_refit,2023-11-13,mentions_rank,-1.3617452092064865e-05
daily_refit,2023-11-14,intercept,3.6167911464967244e-05
daily_refit,2023-11-14,mentions,-1.961621549726942e-06
daily_refit,2023-11-14,z_score,-3.855106651457452e-05
daily_refit,2023-11-14,mentions_momentum,-5.804401393122314e-06
daily_refit,2023-11-14,mentions_rank,8.823937215167686e-05
daily_refit,2023-11-15,intercept,4.004885629376312e-05
daily_refit,2023-11-15,mentions,-1.9014932654394987e-06
daily_refit,2023-11-15,z_score,-3.842834269333394e-05
daily_refit,2023-11-15,mentions_momentum,-5.833430140516133e-06
daily_refit,2023-11-15,mentions_rank,6.033157693214216e-05
daily_refit,2023-11-16,intercept,4.835022789104656e-05
daily_refit,2023-11-16,mentions,-1.8721861738901575e-06
daily_refit,2023-11-16,z_score,-3.8348750365224565e-05
daily_refit,2023-11-16,mentions_momentum,-5.832327419913194e-06
daily_refit,2023-11-16,mentions_rank,4.408192468782434e-05
daily_refit,2023-11-17,intercept,4.227819195605581e-05
daily_refit,2023-11-17,mentions,-1.938073595134449e-06
daily_refit,2023-11-17,z_score,-3.790727042152209e-05
daily_refit,2023-11-17,mentions_momentum,-5.80347107304637e-06
daily_refit,2023-11-17,mentions_rank,6.886272032409332e-05
daily_refit,2023-11-20,intercept,5.0328973263707064e-05
daily_refit,2023-11-20,mentions,-1.9665556760405344e-06
daily_refit,2023-11-20,z_score,-3.859634759396647e-05
daily_refit,2023-11-20,mentions_momentum,-5.760797129043349e-06
daily_refit,2023-11-20,mentions_rank,8.117353423326378e-05
daily_refit,2023-11-21,intercept,5.7465750352435045e-05
daily_refit,2023-11-21,mentions,-1.9689296584229927e-06
daily_refit,2023-11-21,z_score,-3.866057131177385e-05
daily_refit,2023-11-21,mentions_momentum,-5.779854650478912e-06
daily_refit,2023-11-21,mentions_rank,7.739352867139772e-05
daily_refit,2023-11-22,intercept,6.049565752290232e-05
daily_refit,2023-11-22,mentions,-2.1849040460164596e-06
daily_refit,2023-11-22,z_score,-3.856428864019898e-05
daily_refit,2023-11-22,mentions_momentum,-5.803893288134143e-06
daily_refit,2023-11-22,mentions_rank,7.98922366881376e-05
daily_refit,2023-11-27,intercept,5.8865897993197224e-05
daily_refit,2023-11-27,mentions,-2.2743469474253686e-06
daily_refit,2023-11-27,z_score,-3.9109548843018716e-05
daily_refit,2023-11-27,mentions_momentum,-5.75391896226628e-06
daily_refit,2023-11-27,mentions_rank,0.00010369832714144139
daily_refit,2023-11-28,intercept,6.438433239469213e-05
daily_refit,2023-11-28,mentions,-2.629032852290028e-06
daily_refit,2023-11-28,z_score,-4.0781284667150036e-05
daily_refit,2023-11-28,mentions_momentum,-5.581842533355385e-06
daily_refit,2023-11-28,mentions_rank,0.00018725567599179666
daily_refit,2023-11-29,intercept,6.590504653076328e-05
daily_refit,2023-11-29,mentions,-2.621361515960494e-06
daily_refit,2023-11-29,z_score,-3.972769618631236e-05
daily_refit,2023-11-29,mentions_momentum,-5.605728112038106e-06
daily_refit,2023-11-29,mentions_rank,0.00017614922392372774
daily_refit,2023-11-30,intercept,7.799800872456906e-05
daily_refit,2023-11-30,mentions,-2.608126337447437e-06
daily_refit,2023-11-30,z_score,-4.009456426102619e-05
daily_refit,2023-11-30,mentions_momentum,-5.592599230673261e-06
daily_refit,2023-11-30,mentions_rank,0.00014728355979766006
daily_refit,2023-12-01,intercept,9.994719137211966e-05
daily_refit,2023-12-01,mentions,-2.683838725507984e-06
daily_refit,2023-12-01,z_score,-4.1165305949093727e-05
daily_refit,2023-12-01,mentions_momentum,-5.540856033160817e-06
daily_refit,2023-12-01,mentions_rank,0.00014313032944192558
daily_refit,2023-12-04,intercept,0.00010410999501340694
daily_refit,2023-12-04,mentions,-2.658942556006083e-06
daily_refit,2023-12-04,z_score,-4.19887138633058e-05
daily_refit,2023-12-04,mentions_momentum,-5.549688066879688e-06
daily_refit,2023-12-04,mentions_rank,0.00012823501306014805
daily_refit,2023-12-05,intercept,0.00010053316861643113
daily_refit,2023-12-05,mentions,-2.8060933582231203e-06
daily_refit,2023-12-05,z_score,-4.1417482111585375e-05
daily_refit,2023-12-05,mentions_momentum,-5.501949270681911e-06
daily_refit,2023-12-05,mentions_rank,0.00018016019544636863
daily_refit,2023-12-06,intercept,9.78552287538777e-05
daily_refit,2023-12-06,mentions,-2.7113686216594613e-06
daily_refit,2023-12-06,z_score,-4.095503253223601e-05
daily_refit,2023-12-06,mentions_momentum,-5.55059733769515e-06
daily_refit,2023-12-06,mentions_rank,0.00015050924817183446
daily_refit,2023-12-07,intercept,9.976266795977534e-05
daily_refit,2023-12-07,mentions,-2.809106690110931e-06
daily_refit,2023-12-07,z_score,-4.1556458193092395e-05
daily_refit,2023-12-07,mentions_momentum,-5.509156637709154e-06
daily_refit,2023-12-07,mentions_rank,0.00017803169449090903
daily_refit,2023-12-08,intercept,0.00010968071821186155
daily_refit,2023-12-08,mentions,-2.93288345660075e-06
daily_refit,2023-12-08,z_score,-4.2109775593417255e-05
daily_refit,2023-12-08,mentions_momentum,-5.393626842132349e-06
daily_refit,2023-12-08,mentions_rank,0.00021419570774149012
daily_refit,2023-12-11,intercept,0.0001252478863614213
daily_refit,2023-12-11,mentions,-2.9781292211059083e-06
daily_refit,2023-12-11,z_score,-4.205546008922395e-05
daily_refit,2023-12-11,mentions_momentum,-5.38772962812783e-06
daily_refit,2023-12-11,mentions_rank,0.00020696141077538593
daily_refit,2023-12-12,intercept,0.00012719849961721056
daily_refit,2023-12-12,mentions,-3.0863474933849212e-06
daily_refit,2023-12-12,z_score,-4.1539664452703006e-05
daily_refit,2023-12-12,mentions_momentum,-5.338454883701527e-06
daily_refit,2023-12-12,mentions_rank,0.00023202284340932697
daily_refit,2023-12-13,intercept,0.00018035653882917456
daily_refit,2023-12-13,mentions,-3.6378550112840456e-06
daily_refit,2023-12-13,z_score,-4.49325964131234e-05
daily_refit,2023-12-13,mentions_momentum,-5.048785541452973e-06
daily_refit,2023-12-13,mentions_rank,0.00031488722556733615
daily_refit,2023-12-14,intercept,0.00018068596981958636
daily_refit,2023-12-14,mentions,-3.5220521942402403e-06
daily_refit,2023-12-14,z_score,-4.500731429379033e-05
daily_refit,2023-12-14,mentions_momentum,-5.125784785122027e-06
daily_refit,2023-12-14,mentions_rank,0.0002820355023241794
daily_refit,2023-12-15,intercept,0.0001827058430873113
daily_refit,2023-12-15,mentions,-3.5588804613991474e-06
daily_refit,2023-12-15,z_score,-4.551291728890759e-05
daily_refit,2023-12-15,mentions_momentum,-5.08487545784988e-06
daily_refit,2023-12-15,mentions_rank,0.00030343085222898263
daily_refit,2023-12-18,intercept,0.00018123734087119875
daily_refit,2023-12-18,mentions,-3.668178769188178e-06
daily_refit,2023-12-18,z_score,-4.5614345486999687e-05
daily_refit,2023-12-18,mentions_momentum,-5.058558093191836e-06
daily_refit,2023-12-18,mentions_rank,0.0003387549565415443
daily_refit,2023-12-19,intercept,0.00018397682824354273
daily_refit,2023-12-19,mentions,-3.750943314698953e-06
daily_refit,2023-12-19,z_score,-4.606499478990769e-05
daily_refit,2023-12-19,mentions_momentum,-5.01116538333641e-06
daily_refit,2023-12-19,mentions_rank,0.0003601184468787251
daily_refit,2023-12-20,intercept,0.00016846042132710547
daily_refit,2023-12-20,mentions,-3.801309662848179e-06
daily_refit,2023-12-20,z_score,-4.492968546052361e-05
daily_refit,2023-12-20,mentions_momentum,-4.981778503572887e-06
daily_refit,2023-12-20,mentions_rank,0.0003857667285666994
daily_refit,2023-12-21,intercept,0.00018423206350581768
daily_refit,2023-12-21,mentions,-3.7806327734341544e-06
daily_refit,2023-12-21,z_score,-4.481581857005033e-05
daily_refit,2023-12-21,mentions_momentum,-4.969702041482398e-06
daily_refit,2023-12-21,mentions_rank,0.00036529262557286816
daily_refit,2023-12-22,intercept,0.0001958918159653162
daily_refit,2023-12-22,mentions,-3.78225942018218e-06
daily_refit,2023-12-22,z_score,-4.482504004218228e-05
daily_refit,2023-12-22,mentions_momentum,-4.9528652571127715e-06
daily_refit,2023-12-22,mentions_rank,0.00036120500076420654
daily_refit,2023-12-27,intercept,0.0001959015218428074
daily_refit,2023-12-27,mentions,-3.85890842264531e-06
daily_refit,2023-12-27,z_score,-4.537439888178176e-05
daily_refit,2023-12-27,mentions_momentum,-4.900234262326783e-06
daily_refit,2023-12-27,mentions_rank,0.00038261104137966525
daily_refit,2023-12-28,intercept,0.0001964956020762754
daily_refit,2023-12-28,mentions,-3.8476024174964265e-06
daily_refit,2023-12-28,z_score,-4.559892877190488e-05
daily_refit,2023-12-28,mentions_momentum,-4.899046459271422e-06
daily_refit,2023-12-28,mentions_rank,0.0003779237942973871
daily_refit,2023-12-29,intercept,0.00018775861563359797
daily_refit,2023-12-29,mentions,-3.335434202783406e-06
daily_refit,2023-12-29,z_score,-4.313831827329579e-05
daily_refit,2023-12-29,mentions_momentum,-5.135551409690527e-06
daily_refit,2023-12-29,mentions_rank,0.00023380075275956
daily_refit,2024-01-03,intercept,0.0001739295360451857
daily_refit,2024-01-03,mentions,-3.1352786566260945e-06
daily_refit,2024-01-03,z_score,-4.2275848518459486e-05
daily_refit,2024-01-03,mentions_momentum,-5.229278363024344e-06
daily_refit,2024-01-03,mentions_rank,0.0001993535011371517
daily_refit,2024-01-04,intercept,0.0001704965213100534
daily_refit,2024-01-04,mentions,-3.050622150484513e-06
daily_refit,2024-01-04,z_score,-4.183129679747925e-05
daily_refit,2024-01-04,mentions_momentum,-5.271379378888942e-06
daily_refit,2024-01-04,mentions_rank,0.00018116688944219117
daily_refit,2024-01-05,intercept,0.0001776878373738246
daily_refit,2024-01-05,mentions,-3.1374943349253107e-06
daily_refit,2024-01-05,z_score,-4.2074858148075086e-05
daily_refit,2024-01-05,mentions_momentum,-5.234305841552894e-06
daily_refit,2024-01-05,mentions_rank,0.00019545340729839415
daily_refit,2024-01-08,intercept,0.0001839715575158438
daily_refit,2024-01-08,mentions,-3.264270387450223e-06
daily_refit,2024-01-08,z_score,-4.3392322957074394e-05
daily_refit,2024-01-08,mentions_momentum,-5.175748095866459e-06
daily_refit,2024-01-08,mentions_rank,0.0002242497760038931
daily_refit,2024-01-09,intercept,0.00018568885937314417
daily_refit,2024-01-09,mentions,-3.3191386594119975e-06
daily_refit,2024-01-09,z_score,-4.29182281039294e-05
daily_refit,2024-01-09,mentions_momentum,-5.123225748198658e-06
daily_refit,2024-01-09,mentions_rank,0.00024715489034595747
daily_refit,2024-01-10,intercept,0.00018774273106740618
daily_refit,2024-01-10,mentions,-3.368915459919468e-06
daily_refit,2024-01-10,z_score,-4.396765896534621e-05
daily_refit,2024-01-10,mentions_momentum,-5.108396389760222e-06
daily_refit,2024-01-10,mentions_rank,0.0002782700389320797
daily_refit,2024-01-11,intercept,0.00019927181494496025
daily_refit,2024-01-11,mentions,-3.2675445197232576e-06
daily_refit,2024-01-11,z_score,-4.408696945529864e-05
daily_refit,2024-01-11,mentions_momentum,-5.19494702938613e-06
daily_refit,2024-01-11,mentions_rank,0.00020259995384863788
daily_refit,2024-01-12,intercept,0.00017690618281654435
daily_refit,2024-01-12,mentions,-3.265988182431805e-06
daily_refit,2024-01-12,z_score,-4.368311798798065e-05
daily_refit,2024-01-12,mentions_momentum,-5.187101763954208e-06
daily_refit,2024-01-12,mentions_rank,0.00021013148392700433
daily_refit,2024-01-16,intercept,0.0001599143518261664
daily_refit,2024-01-16,mentions,-3.0139040952798116e-06
daily_refit,2024-01-16,z_score,-4.319398101458714e-05
daily_refit,2024-01-16,mentions_momentum,-5.3190448364812255e-06
daily_refit,2024-01-16,mentions_rank,0.00017252485328001505
daily_refit,2024-01-17,intercept,0.00016281901921457655
daily_refit,2024-01-17,mentions,-3.072224983866799e-06
daily_refit,2024-01-17,z_score,-4.406833739359181e-05
daily_refit,2024-01-17,mentions_momentum,-5.232826867101367e-06
daily_refit,2024-01-17,mentions_rank,0.00020643809725384252
daily_refit,2024-01-18,intercept,0.00017634228836123632
daily_refit,2024-01-18,mentions,-3.1608589541394323e-06
daily_refit,2024-01-18,z_score,-4.4524710264777835e-05
daily_refit,2024-01-18,mentions_momentum,-5.1970763664867295e-06
daily_refit,2024-01-18,mentions_rank,0.00021633990512085082
daily_refit,2024-01-19,intercept,0.00018806918096147868
daily_refit,2024-01-19,mentions,-3.453043637454238e-06
daily_refit,2024-01-19,z_score,-3.205536681287468e-05
daily_refit,2024-01-19,mentions_momentum,-5.123374360346353e-06
daily_refit,2024-01-19,mentions_rank,0.0002880609493095226
daily_refit,2024-01-22,intercept,0.00019991382190725823
daily_refit,2024-01-22,mentions,-3.4682207173516607e-06
daily_refit,2024-01-22,z_score,-3.321852896846257e-05
daily_refit,2024-01-22,mentions_momentum,-5.124994983660361e-06
daily_refit,2024-01-22,mentions_rank,0.000246738736010906
daily_refit,2024-01-23,intercept,0.00020417916217340038
daily_refit,2024-01-23,mentions,-3.476968665213005e-06
daily_refit,2024-01-23,z_score,-3.3622844929013295e-05
daily_refit,2024-01-23,mentions_momentum,-5.171471562439595e-06
daily_refit,2024-01-23,mentions_rank,0.00028483097354860043
daily_refit,2024-01-24,intercept,0.00019341927205753683
daily_refit,2024-01-24,mentions,-3.564466904412631e-06
daily_refit,2024-01-24,z_score,-3.2670698047631875e-05
daily_refit,2024-01-24,mentions_momentum,-5.12485641167792e-06
daily_refit,2024-01-24,mentions_rank,0.0003117663727322557
daily_refit,2024-01-25,intercept,0.0002044955492633143
daily_refit,2024-01-25,mentions,-3.6443128833810143e-06
daily_refit,2024-01-25,z_score,-3.094160820300002e-05
daily_refit,2024-01-25,mentions_momentum,-5.327512625203989e-06
daily_refit,2024-01-25,mentions_rank,0.0002510812736162703
daily_refit,2024-01-26,intercept,0.00019627216477124216
daily_refit,2024-01-26,mentions,-3.7476850289758777e-06
daily_refit,2024-01-26,z_score,-3.093283926129004e-05
daily_refit,2024-01-26,mentions_momentum,-5.228939723620244e-06
daily_refit,2024-01-26,mentions_rank,0.0002923776680286592
daily_refit,2024-01-29,intercept,0.00020610359135136129
daily_refit,2024-01-29,mentions,-3.6629010569060327e-06
daily_refit,2024-01-29,z_score,-3.001672062795968e-05
daily_refit,2024-01-29,mentions_momentum,-5.406481308227971e-06
daily_refit,2024-01-29,mentions_rank,0.00030537436914883695
daily_refit,2024-01-30,intercept,0.00021543196694317373
daily_refit,2024-01-30,mentions,-3.767362279119887e-06
daily_refit,2024-01-30,z_score,-3.8923669745601575e-05
daily_refit,2024-01-30,mentions_momentum,-5.51803503816466e-06
daily_refit,2024-01-30,mentions_rank,0.0002428347502336409
daily_refit,2024-01-31,intercept,0.00019224483696846513
daily_refit,2024-01-31,mentions,-3.6698171446739557e-06
daily_refit,2024-01-31,z_score,-4.2419215791876476e-05
daily_refit,2024-01-31,mentions_momentum,-5.673342286671148e-06
daily_refit,2024-01-31,mentions_rank,0.00029714224168865305
daily_refit,2024-02-01,intercept,0.00019772386866922123
daily_refit,2024-02-01,mentions,-3.540074009457881e-06
daily_refit,2024-02-01,z_score,-4.20951511739726e-05
daily_refit,2024-02-01,mentions_momentum,-5.806277732169173e-06
daily_refit,2024-02-01,mentions_rank,0.00033199483641617125
daily_refit,2024-02-02,intercept,0.00019307136130634713
daily_refit,2024-02-02,mentions,-2.8963331027341918e-06
daily_refit,2024-02-02,z_score,-4.333192577398991e-05
daily_refit,2024-02-02,mentions_momentum,-5.545396062630066e-06
daily_refit,2024-02-02,mentions_rank,0.0003546367435215047
daily_refit,2024-02-05,intercept,0.00018606056906073705
daily_refit,2024-02-05,mentions,-3.139343019973677e-06
daily_refit,2024-02-05,z_score,-3.606179355932782e-05
daily_refit,2024-02-05,mentions_momentum,-5.341777803503207e-06
daily_refit,2024-02-05,mentions_rank,0.0004092175567023511
daily_refit,2024-02-06,intercept,0.00020873851692380677
daily_refit,2024-02-06,mentions,-2.962058250166321e-06
daily_refit,2024-02-06,z_score,-3.407969285989243e-05
daily_refit,2024-02-06,mentions_momentum,-5.316831616651501e-06
daily_refit,2024-02-06,mentions_rank,0.0003671746927095683
daily_refit,2024-02-07,intercept,0.0002057945175142105
daily_refit,2024-02-07,mentions,-2.327517612938869e-06
daily_refit,2024-02-07,z_score,-3.603198889328271e-05
daily_refit,2024-02-07,mentions_momentum,-6.0668223931499396e-06
daily_refit,2024-02-07,mentions_rank,0.0003812317226666272
daily_refit,2024-02-08,intercept,0.00020892604004422652
daily_refit,2024-02-08,mentions,-2.4309318190295862e-06
daily_refit,2024-02-08,z_score,-3.289619582184707e-05
daily_refit,2024-02-08,mentions_momentum,-6.14770914631679e-06
daily_refit,2024-02-08,mentions_rank,0.0004060699822901415
daily_refit,2024-02-09,intercept,0.00021637502941257756
daily_refit,2024-02-09,mentions,-2.06559119247472e-06
daily_refit,2024-02-09,z_score,-3.215039256489129e-05
daily_refit,2024-02-09,mentions_momentum,-6.619348505037871e-06
daily_refit,2024-02-09,mentions_rank,0.000387537000668601
daily_refit,2024-02-12,intercept,0.00020169570625078875
daily_refit,2024-02-12,mentions,-1.7127599213491543e-06
daily_refit,2024-02-12,z_score,-5.430879853505052e-05
daily_refit,2024-02-12,mentions_momentum,-6.458667819547178e-06
daily_refit,2024-02-12,mentions_rank,0.000345582186437282
daily_refit,2024-02-13,intercept,0.0002004918834612663
daily_refit,2024-02-13,mentions,-2.026183231763696e-06
daily_refit,2024-02-13,z_score,-3.929220094638951e-05
daily_refit,2024-02-13,mentions_momentum,-6.501517784737814e-06
daily_refit,2024-02-13,mentions_rank,0.0004516722626479784
daily_refit,2024-02-14,intercept,0.00021292764189963776
daily_refit,2024-02-14,mentions,-2.017262461492682e-06
daily_refit,2024-02-14,z_score,-3.9721753957684454e-05
daily_refit,2024-02-14,mentions_momentum,-6.485378706556053e-06
daily_refit,2024-02-14,mentions_rank,0.0004791793235351702
daily_refit,2024-02-15,intercept,0.00022546051506204434
daily_refit,2024-02-15,mentions,-1.3917924484872562e-06
daily_refit,2024-02-15,z_score,-3.3446865051217315e-05
daily_refit,2024-02-15,mentions_momentum,-6.3516605624465265e-06
daily_refit,2024-02-15,mentions_rank,0.00045873108662945397
daily_refit,2024-02-16,intercept,0.00019966356233363486
daily_refit,2024-02-16,mentions,-4.579532337966671e-06
daily_refit,2024-02-16,z_score,-4.458095249398158e-05
daily_refit,2024-02-16,mentions_momentum,-5.215529309245656e-06
daily_refit,2024-02-16,mentions_rank,0.000644265632594882
daily_refit,2024-02-20,intercept,0.0002025738108791791
daily_refit,2024-02-20,mentions,-4.695140135402148e-06
daily_refit,2024-02-20,z_score,-4.3456639241181674e-05
daily_refit,2024-02-20,mentions_momentum,-5.462487016430411e-06
daily_refit,2024-02-20,mentions_rank,0.0005752708221080138
daily_refit,2024-02-21,intercept,0.00022767701627644457
daily_refit,2024-02-21,mentions,-3.3928816489205644e-06
daily_refit,2024-02-21,z_score,-2.1775211836459792e-05
daily_refit,2024-02-21,mentions_momentum,-6.447375172063841e-06
daily_refit,2024-02-21,mentions_rank,0.0005151298358103162
daily_refit,2024-02-22,intercept,0.0002531736525060103
daily_refit,2024-02-22,mentions,-5.479060315534867e-07
daily_refit,2024-02-22,z_score,-2.3411357512541117e-05
daily_refit,2024-02-22,mentions_momentum,-6.3561066366762e-06
daily_refit,2024-02-22,mentions_rank,0.0003502827279132197
daily_refit,2024-02-23,intercept,0.00025107640026957116
daily_refit,2024-02-23,mentions,-1.4813910467939196e-06
daily_refit,2024-02-23,z_score,-2.5656321175433233e-05
daily_refit,2024-02-23,mentions_momentum,-5.5282903608251395e-06
daily_refit,2024-02-23,mentions_rank,0.0003906373461502468
daily_refit,2024-02-26,intercept,0.00024767967003243264
daily_refit,2024-02-26,mentions,-1.631075178198619e-06
daily_refit,2024-02-26,z_score,-2.606333506680554e-05
daily_refit,2024-02-26,mentions_momentum,-5.479517096802047e-06
daily_refit,2024-02-26,mentions_rank,0.00043743320203125423
daily_refit,2024-02-27,intercept,0.00024389282424581898
daily_refit,2024-02-27,mentions,-1.8515786744777102e-06
daily_refit,2024-02-27,z_score,-2.2652576221948224e-05
daily_refit,2024-02-27,mentions_momentum,-5.407542265138229e-06
daily_refit,2024-02-27,mentions_rank,0.000459508558091644
daily_refit,2024-02-28,intercept,0.00026276627684925337
daily_refit,2024-02-28,mentions,-1.781418095610879e-06
daily_refit,2024-02-28,z_score,-1.6689948639803656e-05
daily_refit,2024-02-28,mentions_momentum,-5.532537144541684e-06
daily_refit,2024-02-28,mentions_rank,0.0004258889834654771
daily_refit,2024-02-29,intercept,0.00025923391227684564
daily_refit,2024-02-29,mentions,-2.0107536066129646e-06
daily_refit,2024-02-29,z_score,-9.678898987659091e-06
daily_refit,2024-02-29,mentions_momentum,-5.425847431608853e-06
daily_refit,2024-02-29,mentions_rank,0.0004911136227541994
daily_refit,2024-03-01,intercept,0.00027167491808349417
daily_refit,2024-03-01,mentions,-1.5862781121007331e-06
daily_refit,2024-03-01,z_score,-8.693553849452972e-06
daily_refit,2024-03-01,mentions_momentum,-5.5934370195508884e-06
daily_refit,2024-03-01,mentions_rank,0.0004808375893399257
daily_refit,2024-03-04,intercept,0.00027452118866197575
daily_refit,2024-03-04,mentions,-1.6264633328251481e-06
daily_refit,2024-03-04,z_score,-7.779314195582459e-06
daily_refit,2024-03-04,mentions_momentum,-5.425533339267892e-06
daily_refit,2024-03-04,mentions_rank,0.0004525345390791963
daily_refit,2024-03-05,intercept,0.00027794113845146137
daily_refit,2024-03-05,mentions,-1.1575477670019089e-06
daily_refit,2024-03-05,z_score,-8.68078065299613e-06
daily_refit,2024-03-05,mentions_momentum,-5.675294224293861e-06
daily_refit,2024-03-05,mentions_rank,0.0004747917905769096
daily_refit,2024-03-06,intercept,0.0002891990585538918
daily_refit,2024-03-06,mentions,-1.181894589050618e-06
daily_refit,2024-03-06,z_score,-1.40197587951775e-05
daily_refit,2024-03-06,mentions_momentum,-5.831651176759262e-06
daily_refit,2024-03-06,mentions_rank,0.00045822502954184096
daily_refit,2024-03-07,intercept,0.00029493846770351536
daily_refit,2024-03-07,mentions,-8.614888866196849e-07
daily_refit,2024-03-07,z_score,-1.1568971874298919e-05
daily_refit,2024-03-07,mentions_momentum,-5.919018470268675e-06
daily_refit,2024-03-07,mentions_rank,0.00046461499193702755
daily_refit,2024-03-08,intercept,0.00027534790511703276
daily_refit,2024-03-08,mentions,-2.81689271383591e-06
daily_refit,2024-03-08,z_score,-3.1072211377236817e-05
daily_refit,2024-03-08,mentions_momentum,-6.056336619399707e-06
daily_refit,2024-03-08,mentions_rank,0.0005773805304964426
daily_refit,2024-03-11,intercept,0.00028471536953385794
daily_refit,2024-03-11,mentions,-2.4673563727689094e-06
daily_refit,2024-03-11,z_score,-3.265969302568286e-05
daily_refit,2024-03-11,mentions_momentum,-6.3125760806739705e-06
daily_refit,2024-03-11,mentions_rank,0.0005539245618675534
daily_refit,2024-03-12,intercept,0.00029179266839548737
daily_refit,2024-03-12,mentions,-2.250249335500814e-06
daily_refit,2024-03-12,z_score,-3.3233469934104026e-05
daily_refit,2024-03-12,mentions_momentum,-6.571488458611031e-06
daily_refit,2024-03-12,mentions_rank,0.0005255089879817161
daily_refit,2024-03-13,intercept,0.0002902071572002712
daily_refit,2024-03-13,mentions,-2.3565346226308666e-06
daily_refit,2024-03-13,z_score,-3.3224283754333356e-05
daily_refit,2024-03-13,mentions_momentum,-6.628833888070434e-06
daily_refit,2024-03-13,mentions_rank,0.0005310998659190433
daily_refit,2024-03-14,intercept,0.0002591035063245046
daily_refit,2024-03-14,mentions,-2.7364039082570118e-06
daily_refit,2024-03-14,z_score,-3.7462476326287476e-05
daily_refit,2024-03-14,mentions_momentum,-6.320376178253467e-06
daily_refit,2024-03-14,mentions_rank,0.0005337369122342808
daily_refit,2024-03-15,intercept,0.00027657442003338874
daily_refit,2024-03-15,mentions,-2.5131738833593962e-06
daily_refit,2024-03-15,z_score,-3.8579734243907744e-05
daily_refit,2024-03-15,mentions_momentum,-6.53992758362014e-06
daily_refit,2024-03-15,mentions_rank,0.0005312194630777204
daily_refit,2024-03-18,intercept,0.0002887052494454212
daily_refit,2024-03-18,mentions,-2.3646463237658726e-06
daily_refit,2024-03-18,z_score,-3.7515045078908924e-05
daily_refit,2024-03-18,mentions_momentum,-6.679499029936032e-06
daily_refit,2024-03-18,mentions_rank,0.0004627351744229789
daily_refit,2024-03-20,intercept,0.0003146460979475586
daily_refit,2024-03-20,mentions,-2.22211249784312e-06
daily_refit,2024-03-20,z_score,-4.0454784105823926e-05
daily_refit,2024-03-20,mentions_momentum,-6.848881848484574e-06
daily_refit,2024-03-20,mentions_rank,0.0004904002534673347
daily_refit,2024-03-21,intercept,0.0003272339193592032
daily_refit,2024-03-21,mentions,-2.2420647352852915e-06
daily_refit,2024-03-21,z_score,-4.096222109167741e-05
daily_refit,2024-03-21,mentions_momentum,-6.994895215649119e-06
daily_refit,2024-03-21,mentions_rank,0.00040970901450279904
daily_refit,2024-03-22,intercept,0.00031128575375087813
daily_refit,2024-03-22,mentions,-2.254898678096006e-06
daily_refit,2024-03-22,z_score,-4.176688461908946e-05
daily_refit,2024-03-22,mentions_momentum,-7.03249073812198e-06
daily_refit,2024-03-22,mentions_rank,0.00044493899766424714
daily_refit,2024-03-25,intercept,0.00030751149006599246
daily_refit,2024-03-25,mentions,-2.4331067336694815e-06
daily_refit,2024-03-25,z_score,-4.09545124057109e-05
daily_refit,2024-03-25,mentions_momentum,-6.881219647920524e-06
daily_refit,2024-03-25,mentions_rank,0.0005225548428757427
daily_refit,2024-03-26,intercept,0.00031229410840729656
daily_refit,2024-03-26,mentions,-2.4580207513709577e-06
daily_refit,2024-03-26,z_score,-3.770496078396326e-05
daily_refit,2024-03-26,mentions_momentum,-6.91489979509911e-06
daily_refit,2024-03-26,mentions_rank,0.0005003128104496869
daily_refit,2024-03-27,intercept,0.00033791475929990656
daily_refit,2024-03-27,mentions,-2.3963783015813505e-06
daily_refit,2024-03-27,z_score,-3.4452834793615813e-05
daily_refit,2024-03-27,mentions_momentum,-6.982692056852173e-06
daily_refit,2024-03-27,mentions_rank,0.0004180911032950346
daily_refit,2024-03-28,intercept,0.00034173008833211137
daily_refit,2024-03-28,mentions,-2.3551257451991046e-06
daily_refit,2024-03-28,z_score,-3.4935373382158244e-05
daily_refit,2024-03-28,mentions_momentum,-6.973509741400661e-06
daily_refit,2024-03-28,mentions_rank,0.0004014834733033856
daily_refit,2024-04-01,intercept,0.0003222211193500574
daily_refit,2024-04-01,mentions,-2.1543585056944406e-06
daily_refit,2024-04-01,z_score,-3.350203338875678e-05
daily_refit,2024-04-01,mentions_momentum,-7.128275040663313e-06
daily_refit,2024-04-01,mentions_rank,0.00034407091390345365
daily_refit,2024-04-02,intercept,0.0003147588683752842
daily_refit,2024-04-02,mentions,-2.1393447930395456e-06
daily_refit,2024-04-02,z_score,-3.402149522215227e-05
daily_refit,2024-04-02,mentions_momentum,-7.132363181508085e-06
daily_refit,2024-04-02,mentions_rank,0.00034892327809269363
daily_refit,2024-04-03,intercept,0.00033492113153229684
daily_refit,2024-04-03,mentions,-2.1311712798580746e-06
daily_refit,2024-04-03,z_score,-3.36532485551965e-05
daily_refit,2024-04-03,mentions_momentum,-7.129455509703902e-06
daily_refit,2024-04-03,mentions_rank,0.0003573702706971541
daily_refit,2024-04-04,intercept,0.0003016193704107806
daily_refit,2024-04-04,mentions,-2.109443526567315e-06
daily_refit,2024-04-04,z_score,-3.6058970380100796e-05
daily_refit,2024-04-04,mentions_momentum,-7.07424787083604e-06
daily_refit,2024-04-04,mentions_rank,0.00034480099612125306
daily_refit,2024-04-05,intercept,0.0003196512728880912
daily_refit,2024-04-05,mentions,-2.060700814382472e-06
daily_refit,2024-04-05,z_score,-3.482385471345017e-05
daily_refit,2024-04-05,mentions_momentum,-7.097585346488943e-06
daily_refit,2024-04-05,mentions_rank,0.0003341964458242079
daily_refit,2024-04-08,intercept,0.00032786012181516117
daily_refit,2024-04-08,mentions,-1.990881326289654e-06
daily_refit,2024-04-08,z_score,-3.4222084186763855e-05
daily_refit,2024-04-08,mentions_momentum,-7.125165282891946e-06
daily_refit,2024-04-08,mentions_rank,0.00030559594799528235
daily_refit,2024-04-09,intercept,0.00029900042207504766
daily_refit,2024-04-09,mentions,-1.93191217457252e-06
daily_refit,2024-04-09,z_score,-3.351483431096744e-05
daily_refit,2024-04-09,mentions_momentum,-7.137346445732821e-06
daily_refit,2024-04-09,mentions_rank,0.00030113224602651043
daily_refit,2024-04-10,intercept,0.0002985492489436955
daily_refit,2024-04-10,mentions,-1.9828509365007693e-06
daily_refit,2024-04-10,z_score,-3.4452306118152645e-05
daily_refit,2024-04-10,mentions_momentum,-7.080541927470685e-06
daily_refit,2024-04-10,mentions_rank,0.0003336112546847244
daily_refit,2024-04-11,intercept,0.00027748421449551243
daily_refit,2024-04-11,mentions,-2.0124025338353424e-06
daily_refit,2024-04-11,z_score,-3.6983469945427396e-05
daily_refit,2024-04-11,mentions_momentum,-7.0353876645857925e-06
daily_refit,2024-04-11,mentions_rank,0.0003786011981584324
daily_refit,2024-04-12,intercept,0.00028114305047768196
daily_refit,2024-04-12,mentions,-1.9168378750728832e-06
daily_refit,2024-04-12,z_score,-3.713478848363519e-05
daily_refit,2024-04-12,mentions_momentum,-7.081810210897095e-06
daily_refit,2024-04-12,mentions_rank,0.00034047208968150346
daily_refit,2024-04-15,intercept,0.00024366615658497092
daily_refit,2024-04-15,mentions,-1.950121986051309e-06
daily_refit,2024-04-15,z_score,-3.9712237541611e-05
daily_refit,2024-04-15,mentions_momentum,-6.875525370771714e-06
daily_refit,2024-04-15,mentions_rank,0.0003306050068731248
daily_refit,2024-04-16,intercept,0.0002436255786034212
daily_refit,2024-04-16,mentions,-2.005929275879786e-06
daily_refit,2024-04-16,z_score,-3.9115850505113955e-05
daily_refit,2024-04-16,mentions_momentum,-6.8537901298857724e-06
daily_refit,2024-04-16,mentions_rank,0.00035356852510010984
daily_refit,2024-04-17,intercept,0.00023681447566732854
daily_refit,2024-04-17,mentions,-2.1596492234022136e-06
daily_refit,2024-04-17,z_score,-3.473551148073464e-05
daily_refit,2024-04-17,mentions_momentum,-6.8036861646549834e-06
daily_refit,2024-04-17,mentions_rank,0.00034707903557896184
daily_refit,2024-04-18,intercept,0.0002344941195623233
daily_refit,2024-04-18,mentions,-2.2089762395938195e-06
daily_refit,2024-04-18,z_score,-3.459260161379303e-05
daily_refit,2024-04-18,mentions_momentum,-6.790663253870546e-06
daily_refit,2024-04-18,mentions_rank,0.00032565655541139186
daily_refit,2024-04-19,intercept,0.00024555948053043425
daily_refit,2024-04-19,mentions,-2.433465097431275e-06
daily_refit,2024-04-19,z_score,-3.2431314857322724e-05
daily_refit,2024-04-19,mentions_momentum,-6.806666659737116e-06
daily_refit,2024-04-19,mentions_rank,0.0002761015604081652
daily_refit,2024-04-22,intercept,0.0002568739081155779
daily_refit,2024-04-22,mentions,-2.288881991630808e-06
daily_refit,2024-04-22,z_score,-3.2801319541796994e-05
daily_refit,2024-04-22,mentions_momentum,-6.92640159772983e-06
daily_refit,2024-04-22,mentions_rank,0.0002720070788588012
daily_refit,2024-04-23,intercept,0.0002672607142983156
daily_refit,2024-04-23,mentions,-1.8948094776179338e-06
daily_refit,2024-04-23,z_score,-3.135029440193944e-05
daily_refit,2024-04-23,mentions_momentum,-7.060410124255634e-06
daily_refit,2024-04-23,mentions_rank,0.0003011559432903212
daily_refit,2024-04-24,intercept,0.00027041408787900243
daily_refit,2024-04-24,mentions,-1.9879871229180473e-06
daily_refit,2024-04-24,z_score,-3.1547455281618986e-05
daily_refit,2024-04-24,mentions_momentum,-7.426992220879561e-06
daily_refit,2024-04-24,mentions_rank,0.00018514748842605815
daily_refit,2024-04-25,intercept,0.0002773705070977864
daily_refit,2024-04-25,mentions,-4.40736450176828e-09
daily_refit,2024-04-25,z_score,-3.299202680547091e-05
daily_refit,2024-04-25,mentions_momentum,-8.144575569743815e-06
daily_refit,2024-04-25,mentions_rank,0.00013103349326358172
daily_refit,2024-04-26,intercept,0.00028684212173459033
daily_refit,2024-04-26,mentions,2.2126039326749015e-07
daily_refit,2024-04-26,z_score,-3.28122911490763e-05
daily_refit,2024-04-26,mentions_momentum,-8.444915340794713e-06
daily_refit,2024-04-26,mentions_rank,0.0001396016687216722
daily_refit,2024-04-29,intercept,0.00028309504869302685
daily_refit,2024-04-29,mentions,-5.329617970262801e-08
daily_refit,2024-04-29,z_score,-3.260421400645435e-05
daily_refit,2024-04-29,mentions_momentum,-8.06106209542874e-06
daily_refit,2024-04-29,mentions_rank,0.00015368663051433152
daily_refit,2024-04-30,intercept,0.0002604124842872333
daily_refit,2024-04-30,mentions,-1.3435153657820533e-07
daily_refit,2024-04-30,z_score,-3.217005314354737e-05
daily_refit,2024-04-30,mentions_momentum,-8.04850551120633e-06
daily_refit,2024-04-30,mentions_rank,0.00013803525862827573
daily_refit,2024-05-01,intercept,0.0002741461592884736
daily_refit,2024-05-01,mentions,-1.642962232796545e-07
daily_refit,2024-05-01,z_score,-3.294590542146447e-05
daily_refit,2024-05-01,mentions_momentum,-8.068040348474044e-06
daily_refit,2024-05-01,mentions_rank,0.00013375677796869802
daily_refit,2024-05-02,intercept,0.0002909440660758079
daily_refit,2024-05-02,mentions,1.4436541978663258e-07
daily_refit,2024-05-02,z_score,-3.274343677382673e-05
daily_refit,2024-05-02,mentions_momentum,-8.372446095744334e-06
daily_refit,2024-05-02,mentions_rank,0.0001279874992084566
daily_refit,2024-05-03,intercept,0.00029816668133462277
daily_refit,2024-05-03,mentions,9.447466833776002e-08
daily_refit,2024-05-03,z_score,-3.351653855551365e-05
daily_refit,2024-05-03,mentions_momentum,-8.532141888746187e-06
daily_refit,2024-05-03,mentions_rank,0.00012889420351836406
daily_refit,2024-05-06,intercept,0.00031130079813243127
daily_refit,2024-05-06,mentions,1.7034368537013037e-07
daily_refit,2024-05-06,z_score,-3.325070561560955e-05
daily_refit,2024-05-06,mentions_momentum,-8.580124182287438e-06
daily_refit,2024-05-06,mentions_rank,7.928443723052981e-05
daily_refit,2024-05-07,intercept,0.0003051450085789518
daily_refit,2024-05-07,mentions,1.8994175281679336e-07
daily_refit,2024-05-07,z_score,-3.6546425729298886e-05
daily_refit,2024-05-07,mentions_momentum,-8.584788014281265e-06
daily_refit,2024-05-07,mentions_rank,5.493451839697231e-05
daily_refit,2024-05-08,intercept,0.0003102241832387936
daily_refit,2024-05-08,mentions,1.386842759397465e-07
daily_refit,2024-05-08,z_score,-3.648622328128611e-05
daily_refit,2024-05-08,mentions_momentum,-8.534425679260663e-06
daily_refit,2024-05-08,mentions_rank,7.249853005111479e-05
daily_refit,2024-05-09,intercept,0.00033435611477233645
daily_refit,2024-05-09,mentions,9.99572927927055e-08
daily_refit,2024-05-09,z_score,-3.48077388759238e-05
daily_refit,2024-05-09,mentions_momentum,-8.629696512101521e-06
daily_refit,2024-05-09,mentions_rank,3.2756688051638244e-05
daily_refit,2024-05-10,intercept,0.00034000023238035527
daily_refit,2024-05-10,mentions,1.5478869290967722e-07
daily_refit,2024-05-10,z_score,-3.5334312380015095e-05
daily_refit,2024-05-10,mentions_momentum,-8.573832440982962e-06
daily_refit,2024-05-10,mentions_rank,-5.573207474931338e-06
daily_refit,2024-05-13,intercept,0.000335616573932151
daily_refit,2024-05-13,mentions,1.3195353069733338e-07
daily_refit,2024-05-13,z_score,-3.5427851595727426e-05
daily_refit,2024-05-13,mentions_momentum,-8.56145972516936e-06
daily_refit,2024-05-13,mentions_rank,7.340486838361327e-06
daily_refit,2024-05-14,intercept,0.0003457613512701947
daily_refit,2024-05-14,mentions,4.683330788528827e-10
daily_refit,2024-05-14,z_score,-3.525247301772422e-05
daily_refit,2024-05-14,mentions_momentum,-8.486771782031973e-06
daily_refit,2024-05-14,mentions_rank,3.9275970545003474e-05
daily_refit,2024-05-15,intercept,0.00034936917231950066
daily_refit,2024-05-15,mentions,-7.327467557502646e-08
daily_refit,2024-05-15,z_score,-3.535724632120377e-05
daily_refit,2024-05-15,mentions_momentum,-8.465636040563404e-06
daily_refit,2024-05-15,mentions_rank,5.992184411602658e-05
daily_refit,2024-05-16,intercept,0.0003502884936646096
daily_refit,2024-05-16,mentions,-4.96631211065492e-08
daily_refit,2024-05-16,z_score,-3.713099073478123e-05
daily_refit,2024-05-16,mentions_momentum,-8.466984807659144e-06
daily_refit,2024-05-16,mentions_rank,5.802146882954337e-05
daily_refit,2024-05-17,intercept,0.00034798476182704803
daily_refit,2024-05-17,mentions,-3.9918224007787905e-08
daily_refit,2024-05-17,z_score,-3.6979285582282275e-05
daily_refit,2024-05-17,mentions_momentum,-8.479134770423499e-06
daily_refit,2024-05-17,mentions_rank,5.693598393139477e-05
daily_refit,2024-05-20,intercept,0.0003441450020352814
daily_refit,2024-05-20,mentions,5.9650149364558685e-09
daily_refit,2024-05-20,z_score,-3.6892519063646474e-05
daily_refit,2024-05-20,mentions_momentum,-8.50249665317112e-06
daily_refit,2024-05-20,mentions_rank,5.0380635996705566e-05
daily_refit,2024-05-21,intercept,0.00034090765084781525
daily_refit,2024-05-21,mentions,2.4176697632474186e-08
daily_refit,2024-05-21,z_score,-3.630684679218847e-05
daily_refit,2024-05-21,mentions_momentum,-8.47870423520114e-06
daily_refit,2024-05-21,mentions_rank,6.416648437237958e-05
daily_refit,2024-05-22,intercept,0.0003400359116044747
daily_refit,2024-05-22,mentions,1.9633740261050754e-07
daily_refit,2024-05-22,z_score,-3.6901333368316694e-05
daily_refit,2024-05-22,mentions_momentum,-8.470794013815821e-06
daily_refit,2024-05-22,mentions_rank,6.720601364102487e-05
daily_refit,2024-05-23,intercept,0.00032145008772774584
daily_refit,2024-05-23,mentions,6.224788063462162e-07
daily_refit,2024-05-23,z_score,-3.704193858479451e-05
daily_refit,2024-05-23,mentions_momentum,-8.43693790787101e-06
daily_refit,2024-05-23,mentions_rank,3.523321887685858e-05
daily_refit,2024-05-24,intercept,0.00032641074151299506
daily_refit,2024-05-24,mentions,1.1357330238078814e-06
daily_refit,2024-05-24,z_score,-3.714904926484231e-05
daily_refit,2024-05-24,mentions_momentum,-9.185471847533448e-06
daily_refit,2024-05-24,mentions_rank,4.08894514540219e-05
daily_refit,2024-05-28,intercept,0.0002965493811990819
daily_refit,2024-05-28,mentions,1.2986337984383943e-06
daily_refit,2024-05-28,z_score,-3.641781428030032e-05
daily_refit,2024-05-28,mentions_momentum,-9.24371691918888e-06
daily_refit,2024-05-28,mentions_rank,4.733228888179749e-05
daily_refit,2024-05-29,intercept,0.00029139249681309134
daily_refit,2024-05-29,mentions,1.3672496326251745e-06
daily_refit,2024-05-29,z_score,-3.628649151504011e-05
daily_refit,2024-05-29,mentions_momentum,-9.258106528550573e-06
daily_refit,2024-05-29,mentions_rank,6.830498754134544e-05
daily_refit,2024-05-30,intercept,0.0003046101214434559
daily_refit,2024-05-30,mentions,1.3089937756530906e-06
daily_refit,2024-05-30,z_score,-3.786998566613277e-05
daily_refit,2024-05-30,mentions_momentum,-9.23859948390383e-06
daily_refit,2024-05-30,mentions_rank,8.352329244814274e-06
daily_refit,2024-05-31,intercept,0.00033098996915348236
daily_refit,2024-05-31,mentions,1.617272801104867e-06
daily_refit,2024-05-31,z_score,-3.9042937057122316e-05
daily_refit,2024-05-31,mentions_momentum,-9.570290432088322e-06
daily_refit,2024-05-31,mentions_rank,-6.782189317057934e-05
daily_refit,2024-06-03,intercept,0.00030944829310481335
daily_refit,2024-06-03,mentions,1.3763924899472738e-06
daily_refit,2024-06-03,z_score,-3.911703578605136e-05
daily_refit,2024-06-03,mentions_momentum,-9.184531819982511e-06
daily_refit,2024-06-03,mentions_rank,-3.586445784618865e-05
daily_refit,2024-06-04,intercept,0.0003112860068164484
daily_refit,2024-06-04,mentions,1.2479825540394279e-06
daily_refit,2024-06-04,z_score,-3.7919081751995866e-05
daily_refit,2024-06-04,mentions_momentum,-9.163349723278418e-06
daily_refit,2024-06-04,mentions_rank,1.778068146383048e-05
daily_refit,2024-06-05,intercept,0.00031123653723311547
daily_refit,2024-06-05,mentions,1.3007063423784971e-06
daily_refit,2024-06-05,z_score,-4.509674717510536e-05
daily_refit,2024-06-05,mentions_momentum,-9.088590586764861e-06
daily_refit,2024-06-05,mentions_rank,7.443117774056415e-05
daily_refit,2024-06-06,intercept,0.0002963670246667349
daily_refit,2024-06-06,mentions,1.0064710292334502e-06
daily_refit,2024-06-06,z_score,-4.6523316949624825e-05
daily_refit,2024-06-06,mentions_momentum,-9.117172847763338e-06
daily_refit,2024-06-06,mentions_rank,0.00011322841018944816
daily_refit,2024-06-07,intercept,0.00029402853286317047
daily_refit,2024-06-07,mentions,1.031635266963147e-06
daily_refit,2024-06-07,z_score,-4.611498708003873e-05
daily_refit,2024-06-07,mentions_momentum,-9.09991935044427e-06
daily_refit,2024-06-07,mentions_rank,9.979214704646178e-05
daily_refit,2024-06-10,intercept,0.00029806319381777557
daily_refit,2024-06-10,mentions,1.0278812965410108e-06
daily_refit,2024-06-10,z_score,-4.5357660446905464e-05
daily_refit,2024-06-10,mentions_momentum,-9.113721913564752e-06
daily_refit,2024-06-10,mentions_rank,0.00010096570768694982
daily_refit,2024-06-11,intercept,0.00031785523976700814
daily_refit,2024-06-11,mentions,1.094863503318363e-06
daily_refit,2024-06-11,z_score,-4.5564947833208865e-05
daily_refit,2024-06-11,mentions_momentum,-9.06479140182605e-06
daily_refit,2024-06-11,mentions_rank,0.0001040295337066469
daily_refit,2024-06-12,intercept,0.0003011702538770469
daily_refit,2024-06-12,mentions,1.2321178271738713e-06
daily_refit,2024-06-12,z_score,-4.574702218454304e-05
daily_refit,2024-06-12,mentions_momentum,-9.152112742658152e-06
daily_refit,2024-06-12,mentions_rank,0.0001562724305861393
daily_refit,2024-06-13,intercept,0.0002830801327394038
daily_refit,2024-06-13,mentions,1.0084628844578986e-06
daily_refit,2024-06-13,z_score,-4.5441039233265515e-05
daily_refit,2024-06-13,mentions_momentum,-9.064715051281832e-06
daily_refit,2024-06-13,mentions_rank,0.00021970166658004148
daily_refit,2024-06-14,intercept,0.0002738138174090699
daily_refit,2024-06-14,mentions,9.828872185341648e-07
daily_refit,2024-06-14,z_score,-4.5933354072797465e-05
daily_refit,2024-06-14,mentions_momentum,-9.117577738026569e-06
daily_refit,2024-06-14,mentions_rank,0.00025579410749291604
daily_refit,2024-06-17,intercept,0.00028886529584678367
daily_refit,2024-06-17,mentions,8.896948353758354e-07
daily_refit,2024-06-17,z_score,-4.579892403807496e-05
daily_refit,2024-06-17,mentions_momentum,-9.103076373787358e-06
daily_refit,2024-06-17,mentions_rank,0.0002696349214501377
daily_refit,2024-06-18,intercept,0.00029146419974960646
daily_refit,2024-06-18,mentions,1.1277495256704192e-06
daily_refit,2024-06-18,z_score,-4.7259326516242154e-05
daily_refit,2024-06-18,mentions_momentum,-9.13453669187942e-06
daily_refit,2024-06-18,mentions_rank,0.0002768435753018719
daily_refit,2024-06-20,intercept,0.00029977848826045496
daily_refit,2024-06-20,mentions,5.439441663993145e-07
daily_refit,2024-06-20,z_score,-4.799800852387151e-05
daily_refit,2024-06-20,mentions_momentum,-9.239884083501811e-06
daily_refit,2024-06-20,mentions_rank,0.00022630743198794766
daily_refit,2024-06-21,intercept,0.00030005948356499684
daily_refit,2024-06-21,mentions,1.6087973429431513e-07
daily_refit,2024-06-21,z_score,-4.7898193917920094e-05
daily_refit,2024-06-21,mentions_momentum,-8.974274208397903e-06
daily_refit,2024-06-21,mentions_rank,0.00023976302685554775
daily_refit,2024-06-24,intercept,0.00030658821065583457
daily_refit,2024-06-24,mentions,6.471886324141955e-08
daily_refit,2024-06-24,z_score,-4.798705288225182e-05
daily_refit,2024-06-24,mentions_momentum,-8.883801515961687e-06
daily_refit,2024-06-24,mentions_rank,0.00021980564502384353
daily_refit,2024-06-25,intercept,0.00028507366121995493
daily_refit,2024-06-25,mentions,3.0241508225217286e-07
daily_refit,2024-06-25,z_score,-4.881723930178822e-05
daily_refit,2024-06-25,mentions_momentum,-8.883351997981799e-06
daily_refit,2024-06-25,mentions_rank,0.0002769223232075259
daily_refit,2024-06-26,intercept,0.00028335834332994465
daily_refit,2024-06-26,mentions,4.595461837918487e-08
daily_refit,2024-06-26,z_score,-4.899897360077101e-05
daily_refit,2024-06-26,mentions_momentum,-8.741913349038605e-06
daily_refit,2024-06-26,mentions_rank,0.00030573162029918827
daily_refit,2024-06-27,intercept,0.0002916371795249851
daily_refit,2024-06-27,mentions,4.359515589392066e-08
daily_refit,2024-06-27,z_score,-4.9738962839170464e-05
daily_refit,2024-06-27,mentions_momentum,-8.776117006344413e-06
daily_refit,2024-06-27,mentions_rank,0.00028435400332415265
daily_refit,2024-06-28,intercept,0.00029392343197822687
daily_refit,2024-06-28,mentions,-1.0173098249556696e-07
daily_refit,2024-06-28,z_score,-4.9567128218965e-05
daily_refit,2024-06-28,mentions_momentum,-8.64122276899295e-06
daily_refit,2024-06-28,mentions_rank,0.000267851198148235
daily_refit,2024-07-01,intercept,0.00027189975882115986
daily_refit,2024-07-01,mentions,-1.3217477861270972e-07
daily_refit,2024-07-01,z_score,-4.932581696952808e-05
daily_refit,2024-07-01,mentions_momentum,-8.642698000282066e-06
daily_refit,2024-07-01,mentions_rank,0.0003180938564386693
daily_refit,2024-07-02,intercept,0.00028137176738067326
daily_refit,2024-07-02,mentions,-7.876672972113071e-08
daily_refit,2024-07-02,z_score,-5.008447080511443e-05
daily_refit,2024-07-02,mentions_momentum,-8.587933396957073e-06
daily_refit,2024-07-02,mentions_rank,0.00033437936328811573
daily_refit,2024-07-03,intercept,0.00027669267227102914
daily_refit,2024-07-03,mentions,1.8822129378145503e-07
daily_refit,2024-07-03,z_score,-5.0987435686135056e-05
daily_refit,2024-07-03,mentions_momentum,-8.610939702913694e-06
daily_refit,2024-07-03,mentions_rank,0.000357984980722138
daily_refit,2024-07-05,intercept,0.00027713745778816935
daily_refit,2024-07-05,mentions,2.7510313723266806e-08
daily_refit,2024-07-05,z_score,-5.1473032872165886e-05
daily_refit,2024-07-05,mentions_momentum,-8.536582944483447e-06
daily_refit,2024-07-05,mentions_rank,0.0004007586388264275
daily_refit,2024-07-08,intercept,0.00027269410663073845
daily_refit,2024-07-08,mentions,7.745896568959727e-08
daily_refit,2024-07-08,z_score,-5.1709127193904825e-05
daily_refit,2024-07-08,mentions_momentum,-8.577440864576734e-06
daily_refit,2024-07-08,mentions_rank,0.00041443095848600777
daily_refit,2024-07-09,intercept,0.00027526306284585356
daily_refit,2024-07-09,mentions,1.747292640066878e-07
daily_refit,2024-07-09,z_score,-4.9394202779507793e-05
daily_refit,2024-07-09,mentions_momentum,-8.716108590496459e-06
daily_refit,2024-07-09,mentions_rank,0.0004004307825077412
daily_refit,2024-07-10,intercept,0.00029603933023257084
daily_refit,2024-07-10,mentions,2.967708757057188e-07
daily_refit,2024-07-10,z_score,-4.890312241182515e-05
daily_refit,2024-07-10,mentions_momentum,-8.793068228515062e-06
daily_refit,2024-07-10,mentions_rank,0.0003614482509211392
daily_refit,2024-07-15,intercept,0.00015097273184677573
daily_refit,2024-07-15,mentions,-7.257382081915913e-06
daily_refit,2024-07-15,z_score,-6.677915181200712e-05
daily_refit,2024-07-15,mentions_momentum,-5.296508331623554e-06
daily_refit,2024-07-15,mentions_rank,0.0024126955413310966
daily_refit,2024-07-16,intercept,0.0001704557570636681
daily_refit,2024-07-16,mentions,-7.191583711120691e-06
daily_refit,2024-07-16,z_score,-6.497217417466468e-05
daily_refit,2024-07-16,mentions_momentum,-5.32351685519552e-06
daily_refit,2024-07-16,mentions_rank,0.0023295531658891083
daily_refit,2024-07-17,intercept,0.00016701572222086223
daily_refit,2024-07-17,mentions,-7.147055436087772e-06
daily_refit,2024-07-17,z_score,-6.494024915854866e-05
daily_refit,2024-07-17,mentions_momentum,-5.352026553417739e-06
daily_refit,2024-07-17,mentions_rank,0.0023177547361864386
daily_refit,2024-07-18,intercept,0.0001627793115147861
daily_refit,2024-07-18,mentions,-7.086200001422927e-06
daily_refit,2024-07-18,z_score,-6.458472706250514e-05
daily_refit,2024-07-18,mentions_momentum,-5.4003312078118845e-06
daily_refit,2024-07-18,mentions_rank,0.0022726220377181673
daily_refit,2024-07-19,intercept,0.00015480014867029197
daily_refit,2024-07-19,mentions,-7.2257614428376555e-06
daily_refit,2024-07-19,z_score,-6.447247004512735e-05
daily_refit,2024-07-19,mentions_momentum,-5.4456542015704636e-06
daily_refit,2024-07-19,mentions_rank,0.0022938493229607004
daily_refit,2024-07-22,intercept,0.00016172471991606884
daily_refit,2024-07-22,mentions,-7.1878001476083245e-06
daily_refit,2024-07-22,z_score,-6.468315031871644e-05
daily_refit,2024-07-22,mentions_momentum,-5.407094125321465e-06
daily_refit,2024-07-22,mentions_rank,0.0022717742233622647
daily_refit,2024-07-23,intercept,0.00015859232350513524
daily_refit,2024-07-23,mentions,-7.228120440806572e-06
daily_refit,2024-07-23,z_score,-6.368661033568337e-05
daily_refit,2024-07-23,mentions_momentum,-5.463139140650844e-06
daily_refit,2024-07-23,mentions_rank,0.0022279454562612894
daily_refit,2024-07-24,intercept,0.00014026503647368736
daily_refit,2024-07-24,mentions,-7.579345529764282e-06
daily_refit,2024-07-24,z_score,-6.385992499393782e-05
daily_refit,2024-07-24,mentions_momentum,-5.530231006398285e-06
daily_refit,2024-07-24,mentions_rank,0.002234403474989648
daily_refit,2024-07-25,intercept,0.0001544650740251864
daily_refit,2024-07-25,mentions,-7.493487826124552e-06
daily_refit,2024-07-25,z_score,-6.179787812809323e-05
daily_refit,2024-07-25,mentions_momentum,-5.504875126334833e-06
daily_refit,2024-07-25,mentions_rank,0.002206661375792415
daily_refit,2024-07-26,intercept,0.00016839035016734744
daily_refit,2024-07-26,mentions,-7.557404360186687e-06
daily_refit,2024-07-26,z_score,-6.28029766329163e-05
daily_refit,2024-07-26,mentions_momentum,-5.403728410508823e-06
daily_refit,2024-07-26,mentions_rank,0.0022010076695448784
daily_refit,2024-07-29,intercept,0.00017189193113549873
daily_refit,2024-07-29,mentions,-7.504618332219914e-06
daily_refit,2024-07-29,z_score,-6.316181938600971e-05
daily_refit,2024-07-29,mentions_momentum,-5.4383513236593965e-06
daily_refit,2024-07-29,mentions_rank,0.002180150561956947
daily_refit,2024-07-30,intercept,0.00018537506285646075
daily_refit,2024-07-30,mentions,-7.457778952545092e-06
daily_refit,2024-07-30,z_score,-6.397668365334873e-05
daily_refit,2024-07-30,mentions_momentum,-5.450454407410925e-06
daily_refit,2024-07-30,mentions_rank,0.002166521325044026
daily_refit,2024-07-31,intercept,0.00018248907143543497
daily_refit,2024-07-31,mentions,-7.245772276749348e-06
daily_refit,2024-07-31,z_score,-6.50891403510741e-05
daily_refit,2024-07-31,mentions_momentum,-5.43803244963141e-06
daily_refit,2024-07-31,mentions_rank,0.0021819320041669304
daily_refit,2024-08-01,intercept,0.00014325771103470587
daily_refit,2024-08-01,mentions,-8.993370893335521e-06
daily_refit,2024-08-01,z_score,-6.578046861756528e-05
daily_refit,2024-08-01,mentions_momentum,-4.280613569171218e-06
daily_refit,2024-08-01,mentions_rank,0.0022191122953344983
daily_refit,2024-08-02,intercept,8.549603605208505e-05
daily_refit,2024-08-02,mentions,-1.1267967157360125e-05
daily_refit,2024-08-02,z_score,-6.590326011636545e-05
daily_refit,2024-08-02,mentions_momentum,-3.746825242437414e-06
daily_refit,2024-08-02,mentions_rank,0.0022882622889257857
daily_refit,2024-08-05,intercept,8.499897483752621e-05
daily_refit,2024-08-05,mentions,-1.0092447752499937e-05
daily_refit,2024-08-05,z_score,-6.994960549190112e-05
daily_refit,2024-08-05,mentions_momentum,-4.296406791263594e-06
daily_refit,2024-08-05,mentions_rank,0.0023836652401106346
daily_refit,2024-08-06,intercept,0.00011872262481950745
daily_refit,2024-08-06,mentions,-9.706903569608666e-06
daily_refit,2024-08-06,z_score,-6.761800113372497e-05
daily_refit,2024-08-06,mentions_momentum,-4.6162318304607135e-06
daily_refit,2024-08-06,mentions_rank,0.0022975467905722597
daily_refit,2024-08-07,intercept,9.686510177070329e-05
daily_refit,2024-08-07,mentions,-1.0273598158411448e-05
daily_refit,2024-08-07,z_score,-6.611598330668342e-05
daily_refit,2024-08-07,mentions_momentum,-4.703943702275664e-06
daily_refit,2024-08-07,mentions_rank,0.0023452998455223257
daily_refit,2024-08-08,intercept,0.0001241736799109409
daily_refit,2024-08-08,mentions,-9.852351433894721e-06
daily_refit,2024-08-08,z_score,-6.065508092981132e-05
daily_refit,2024-08-08,mentions_momentum,-5.031399167930124e-06
daily_refit,2024-08-08,mentions_rank,0.00228739350414459
daily_refit,2024-08-09,intercept,0.00012770550836193996
daily_refit,2024-08-09,mentions,-9.87582759286896e-06
daily_refit,2024-08-09,z_score,-6.082180528291328e-05
daily_refit,2024-08-09,mentions_momentum,-5.058768795246695e-06
daily_refit,2024-08-09,mentions_rank,0.0023079546310344097
daily_refit,2024-08-12,intercept,0.00012508288042123247
daily_refit,2024-08-12,mentions,-9.835397310835277e-06
daily_refit,2024-08-12,z_score,-6.09715921580088e-05
daily_refit,2024-08-12,mentions_momentum,-5.122109842489046e-06
daily_refit,2024-08-12,mentions_rank,0.0023223102852969134
daily_refit,2024-08-13,intercept,0.0001355854469245425
daily_refit,2024-08-13,mentions,-9.955614621204011e-06
daily_refit,2024-08-13,z_score,-6.0004222297378154e-05
daily_refit,2024-08-13,mentions_momentum,-5.040190165254503e-06
daily_refit,2024-08-13,mentions_rank,0.002366893099005074
daily_refit,2024-08-14,intercept,0.00015429426321007935
daily_refit,2024-08-14,mentions,-9.989869919944906e-06
daily_refit,2024-08-14,z_score,-6.0967014799473266e-05
daily_refit,2024-08-14,mentions_momentum,-5.001260453514963e-06
daily_refit,2024-08-14,mentions_rank,0.0023602629257523603
daily_refit,2024-08-15,intercept,0.0001576500699041962
daily_refit,2024-08-15,mentions,-9.934281149198991e-06
daily_refit,2024-08-15,z_score,-6.107074512296121e-05
daily_refit,2024-08-15,mentions_momentum,-5.054894260056874e-06
daily_refit,2024-08-15,mentions_rank,0.0023657733303147376
daily_refit,2024-08-16,intercept,0.0001628927940446791
daily_refit,2024-08-16,mentions,-9.894146671884257e-06
daily_refit,2024-08-16,z_score,-6.119431350275128e-05
daily_refit,2024-08-16,mentions_momentum,-5.097102842057609e-06
daily_refit,2024-08-16,mentions_rank,0.002379961316233411
daily_refit,2024-08-19,intercept,0.00017090794298649974
daily_refit,2024-08-19,mentions,-9.856243091352164e-06
daily_refit,2024-08-19,z_score,-6.129806300045214e-05
daily_refit,2024-08-19,mentions_momentum,-5.1347564076389e-06
daily_refit,2024-08-19,mentions_rank,0.0023863570004716123
daily_refit,2024-08-20,intercept,0.00017084801209157072
daily_refit,2024-08-20,mentions,-9.878876165075458e-06
daily_refit,2024-08-20,z_score,-6.020452170402568e-05
daily_refit,2024-08-20,mentions_momentum,-5.086460554492572e-06
daily_refit,2024-08-20,mentions_rank,0.0023975476231038627
daily_refit,2024-08-21,intercept,0.00017951792397080159
daily_refit,2024-08-21,mentions,-9.80732480802997e-06
daily_refit,2024-08-21,z_score,-6.0063738671102133e-05
daily_refit,2024-08-21,mentions_momentum,-5.134960348825259e-06
daily_refit,2024-08-21,mentions_rank,0.002384576101436442
daily_refit,2024-08-22,intercept,0.0001838430239416229
daily_refit,2024-08-22,mentions,-9.781034304587904e-06
daily_refit,2024-08-22,z_score,-5.989853096852161e-05
daily_refit,2024-08-22,mentions_momentum,-5.121798784553527e-06
daily_refit,2024-08-22,mentions_rank,0.002343924402783623
daily_refit,2024-08-23,intercept,0.0002023392273449752
daily_refit,2024-08-23,mentions,-9.623466191349629e-06
daily_refit,2024-08-23,z_score,-6.069550413875854e-05
daily_refit,2024-08-23,mentions_momentum,-5.1700565551111925e-06
daily_refit,2024-08-23,mentions_rank,0.0023055247871001357
daily_refit,2024-08-26,intercept,0.00019473708690006676
daily_refit,2024-08-26,mentions,-9.59163993927297e-06
daily_refit,2024-08-26,z_score,-6.0054840292338123e-05
daily_refit,2024-08-26,mentions_momentum,-5.189534472111099e-06
daily_refit,2024-08-26,mentions_rank,0.0022721200315507905
daily_refit,2024-08-27,intercept,0.00019693693237260153
daily_refit,2024-08-27,mentions,-9.494495033988967e-06
daily_refit,2024-08-27,z_score,-6.000425557725018e-05
daily_refit,2024-08-27,mentions_momentum,-5.226298495489758e-06
daily_refit,2024-08-27,mentions_rank,0.0022615465881430106
daily_refit,2024-08-28,intercept,0.0002043525762502686
daily_refit,2024-08-28,mentions,-9.608964974140721e-06
daily_refit,2024-08-28,z_score,-6.0008992266413464e-05
daily_refit,2024-08-28,mentions_momentum,-5.282593715705017e-06
daily_refit,2024-08-28,mentions_rank,0.0022122083135534248
daily_refit,2024-08-29,intercept,0.00020719745469159045
daily_refit,2024-08-29,mentions,-9.616284212238797e-06
daily_refit,2024-08-29,z_score,-5.9733023435919545e-05
daily_refit,2024-08-29,mentions_momentum,-5.220654584503556e-06
daily_refit,2024-08-29,mentions_rank,0.002230648888051177
daily_refit,2024-08-30,intercept,0.000205143070604815
daily_refit,2024-08-30,mentions,-1.0007502584837816e-05
daily_refit,2024-08-30,z_score,-6.086848982694334e-05
daily_refit,2024-08-30,mentions_momentum,-4.6857607535661335e-06
daily_refit,2024-08-30,mentions_rank,0.002236673720241623
daily_refit,2024-09-03,intercept,0.00019526956145001412
daily_refit,2024-09-03,mentions,-9.619540067952183e-06
daily_refit,2024-09-03,z_score,-6.056244139354103e-05
daily_refit,2024-09-03,mentions_momentum,-4.912295196464063e-06
daily_refit,2024-09-03,mentions_rank,0.0021272578263961204
daily_refit,2024-09-04,intercept,0.00019748272708296793
daily_refit,2024-09-04,mentions,-9.55556894328021e-06
daily_refit,2024-09-04,z_score,-6.186181882882535e-05
daily_refit,2024-09-04,mentions_momentum,-4.913412199110292e-06
daily_refit,2024-09-04,mentions_rank,0.0021150693889916018
daily_refit,2024-09-05,intercept,0.00018587238763031423
daily_refit,2024-09-05,mentions,-9.49625121013675e-06
daily_refit,2024-09-05,z_score,-5.9377454263601525e-05
daily_refit,2024-09-05,mentions_momentum,-5.0485008895055535e-06
daily_refit,2024-09-05,mentions_rank,0.0021421814273817332
daily_refit,2024-09-06,intercept,0.000176514979777332
daily_refit,2024-09-06,mentions,-9.50917897474161e-06
daily_refit,2024-09-06,z_score,-5.878131456568285e-05
daily_refit,2024-09-06,mentions_momentum,-5.05982312864066e-06
daily_refit,2024-09-06,mentions_rank,0.0021102625253760113
daily_refit,2024-09-09,intercept,0.00018474665488751543
daily_refit,2024-09-09,mentions,-9.544940471461086e-06
daily_refit,2024-09-09,z_score,-5.930538472879867e-05
daily_refit,2024-09-09,mentions_momentum,-5.07441521787737e-06
daily_refit,2024-09-09,mentions_rank,0.0021282580644755127
daily_refit,2024-09-10,intercept,0.00017690481768215796
daily_refit,2024-09-10,mentions,-9.575886459522285e-06
daily_refit,2024-09-10,z_score,-5.846378190144584e-05
daily_refit,2024-09-10,mentions_momentum,-5.055692196575776e-06
daily_refit,2024-09-10,mentions_rank,0.0021499224050297353
daily_refit,2024-09-11,intercept,0.00018313773041460734
daily_refit,2024-09-11,mentions,-9.640915656445044e-06
daily_refit,2024-09-11,z_score,-5.826731854301266e-05
daily_refit,2024-09-11,mentions_momentum,-5.039317348003684e-06
daily_refit,2024-09-11,mentions_rank,0.0021863251401322737
daily_refit,2024-09-12,intercept,0.00019443861523285363
daily_refit,2024-09-12,mentions,-9.76427665246142e-06
daily_refit,2024-09-12,z_score,-5.8753773013561214e-05
daily_refit,2024-09-12,mentions_momentum,-4.97090133546927e-06
daily_refit,2024-09-12,mentions_rank,0.0022192771844013323
daily_refit,2024-09-13,intercept,0.00021208500924503558
daily_refit,2024-09-13,mentions,-9.733874573545552e-06
daily_refit,2024-09-13,z_score,-5.9046605255650534e-05
daily_refit,2024-09-13,mentions_momentum,-4.978433109919968e-06
daily_refit,2024-09-13,mentions_rank,0.0021797455444029393
daily_refit,2024-09-16,intercept,0.00021870620613589055
daily_refit,2024-09-16,mentions,-9.85642441371276e-06
daily_refit,2024-09-16,z_score,-5.90268602512042e-05
daily_refit,2024-09-16,mentions_momentum,-4.918224791320933e-06
daily_refit,2024-09-16,mentions_rank,0.002212817006969431
daily_refit,2024-09-17,intercept,0.0002211778985778014
daily_refit,2024-09-17,mentions,-9.83462094352151e-06
daily_refit,2024-09-17,z_score,-5.903929580332059e-05
daily_refit,2024-09-17,mentions_momentum,-4.962722701345548e-06
daily_refit,2024-09-17,mentions_rank,0.0021906903715778773
daily_refit,2024-09-18,intercept,0.00023836335775114152
daily_refit,2024-09-18,mentions,-9.933478389526873e-06
daily_refit,2024-09-18,z_score,-5.9655466736969403e-05
daily_refit,2024-09-18,mentions_momentum,-4.9055164013244996e-06
daily_refit,2024-09-18,mentions_rank,0.002205270250564066
daily_refit,2024-09-19,intercept,0.00022832587942440123
daily_refit,2024-09-19,mentions,-9.911175094274007e-06
daily_refit,2024-09-19,z_score,-5.9586432109129546e-05
daily_refit,2024-09-19,mentions_momentum,-4.92650424362728e-06
daily_refit,2024-09-19,mentions_rank,0.0022064132889207787
daily_refit,2024-09-20,intercept,0.00023275638138234238
daily_refit,2024-09-20,mentions,-9.937602406165055e-06
daily_refit,2024-09-20,z_score,-5.972373361822084e-05
daily_refit,2024-09-20,mentions_momentum,-4.938389845093745e-06
daily_refit,2024-09-20,mentions_rank,0.002207675470337538
daily_refit,2024-09-23,intercept,0.00023641514827729376
daily_refit,2024-09-23,mentions,-9.98208001333557e-06
daily_refit,2024-09-23,z_score,-6.006542259102251e-05
daily_refit,2024-09-23,mentions_momentum,-4.9468448326748276e-06
daily_refit,2024-09-23,mentions_rank,0.0022252165144991715
daily_refit,2024-09-24,intercept,0.00023795944512762748
daily_refit,2024-09-24,mentions,-9.937209640608919e-06
daily_refit,2024-09-24,z_score,-5.990442588740459e-05
daily_refit,2024-09-24,mentions_momentum,-4.9790420577625775e-06
daily_refit,2024-09-24,mentions_rank,0.0022155536455916477
daily_refit,2024-09-25,intercept,0.00023214261147787743
daily_refit,2024-09-25,mentions,-1.0066795786289033e-05
daily_refit,2024-09-25,z_score,-5.975113461437578e-05
daily_refit,2024-09-25,mentions_momentum,-4.9027997246627535e-06
daily_refit,2024-09-25,mentions_rank,0.002283051842775594
daily_refit,2024-09-26,intercept,0.00024094939542521093
daily_refit,2024-09-26,mentions,-1.0101104749225763e-05
daily_refit,2024-09-26,z_score,-5.9870250544574495e-05
daily_refit,2024-09-26,mentions_momentum,-4.9364377126916866e-06
daily_refit,2024-09-26,mentions_rank,0.002256786822973037
daily_refit,2024-09-27,intercept,0.00023698221522698543
daily_refit,2024-09-27,mentions,-1.0251043979416375e-05
daily_refit,2024-09-27,z_score,-5.9782964590676727e-05
daily_refit,2024-09-27,mentions_momentum,-4.68573342971306e-06
daily_refit,2024-09-27,mentions_rank,0.0022601714847169615
daily_refit,2024-09-30,intercept,0.00023969431348067982
daily_refit,2024-09-30,mentions,-1.0241457380837007e-05
daily_refit,2024-09-30,z_score,-6.0088037765520974e-05
daily_refit,2024-09-30,mentions_momentum,-4.672551881441957e-06
daily_refit,2024-09-30,mentions_rank,0.0022596965799785923
daily_refit,2024-10-01,intercept,0.00022987225918495697
daily_refit,2024-10-01,mentions,-1.0157319347899393e-05
daily_refit,2024-10-01,z_score,-5.976775073215944e-05
daily_refit,2024-10-01,mentions_momentum,-4.700009131981014e-06
daily_refit,2024-10-01,mentions_rank,0.0022267487737912648
daily_refit,2024-10-02,intercept,0.00022940158822771053
daily_refit,2024-10-02,mentions,-1.0118586597947991e-05
daily_refit,2024-10-02,z_score,-5.834351619572793e-05
daily_refit,2024-10-02,mentions_momentum,-4.735885426516592e-06
daily_refit,2024-10-02,mentions_rank,0.0022157777841392326
daily_refit,2024-10-03,intercept,0.0002368954800904978
daily_refit,2024-10-03,mentions,-1.0142506142344832e-05
daily_refit,2024-10-03,z_score,-5.926084687159031e-05
daily_refit,2024-10-03,mentions_momentum,-4.711624566907542e-06
daily_refit,2024-10-03,mentions_rank,0.0022337468498632115
daily_refit,2024-10-04,intercept,0.00023092460266524694
daily_refit,2024-10-04,mentions,-1.0155374565699895e-05
daily_refit,2024-10-04,z_score,-5.918320610517792e-05
daily_refit,2024-10-04,mentions_momentum,-4.703342396330097e-06
daily_refit,2024-10-04,mentions_rank,0.0022430365013079937
daily_refit,2024-10-07,intercept,0.0002258610682405156
daily_refit,2024-10-07,mentions,-1.0123022685005958e-05
daily_refit,2024-10-07,z_score,-5.9408126188119535e-05
daily_refit,2024-10-07,mentions_momentum,-4.702640627090013e-06
daily_refit,2024-10-07,mentions_rank,0.002245425320881179
daily_refit,2024-10-08,intercept,0.00022951652782299346
daily_refit,2024-10-08,mentions,-1.0083967304516425e-05
daily_refit,2024-10-08,z_score,-5.976298257610384e-05
daily_refit,2024-10-08,mentions_momentum,-4.728697448431049e-06
daily_refit,2024-10-08,mentions_rank,0.0022384881970606316
daily_refit,2024-10-09,intercept,0.00023595712881135234
daily_refit,2024-10-09,mentions,-1.0117374304038432e-05
daily_refit,2024-10-09,z_score,-5.9398641617426855e-05
daily_refit,2024-10-09,mentions_momentum,-4.723084476225521e-06
daily_refit,2024-10-09,mentions_rank,0.00223207982233333
daily_refit,2024-10-10,intercept,0.00023818117292544918
daily_refit,2024-10-10,mentions,-1.0059975731256757e-05
daily_refit,2024-10-10,z_score,-5.92522572155695e-05
daily_refit,2024-10-10,mentions_momentum,-4.760582778493312e-06
daily_refit,2024-10-10,mentions_rank,0.0022101597606042638
daily_refit,2024-10-11,intercept,0.00024941118296673264
daily_refit,2024-10-11,mentions,-1.0158422695218095e-05
daily_refit,2024-10-11,z_score,-5.858430040755099e-05
daily_refit,2024-10-11,mentions_momentum,-4.674906743135172e-06
daily_refit,2024-10-11,mentions_rank,0.002236413188879423
daily_refit,2024-10-14,intercept,0.0002593168485867004
daily_refit,2024-10-14,mentions,-1.0215722086651021e-05
daily_refit,2024-10-14,z_score,-5.88496867139293e-05
daily_refit,2024-10-14,mentions_momentum,-4.620500460803494e-06
daily_refit,2024-10-14,mentions_rank,0.0022347513700410556
daily_refit,2024-10-15,intercept,0.000257099450966634
daily_refit,2024-10-15,mentions,-1.0122080158745197e-05
daily_refit,2024-10-15,z_score,-5.867413712336911e-05
daily_refit,2024-10-15,mentions_momentum,-4.6879454630453695e-06
daily_refit,2024-10-15,mentions_rank,0.0022058933398870135
daily_refit,2024-10-16,intercept,0.00026531445826822746
daily_refit,2024-10-16,mentions,-1.0213270889152207e-05
daily_refit,2024-10-16,z_score,-5.863625989834783e-05
daily_refit,2024-10-16,mentions_momentum,-4.6414385912339844e-06
daily_refit,2024-10-16,mentions_rank,0.0022335133542773404
daily_refit,2024-10-17,intercept,0.00026231589641041573
daily_refit,2024-10-17,mentions,-1.0203014851433557e-05
daily_refit,2024-10-17,z_score,-5.885159019084977e-05
daily_refit,2024-10-17,mentions_momentum,-4.656790834650358e-06
daily_refit,2024-10-17,mentions_rank,0.0022287026944450834
daily_refit,2024-10-18,intercept,0.0002595326021515823
daily_refit,2024-10-18,mentions,-1.0181609847649583e-05
daily_refit,2024-10-18,z_score,-5.784068313689937e-05
daily_refit,2024-10-18,mentions_momentum,-4.620403336584395e-06
daily_refit,2024-10-18,mentions_rank,0.0022332737167992736
daily_refit,2024-10-21,intercept,0.00024161246819830455
daily_refit,2024-10-21,mentions,-1.017841924339778e-05
daily_refit,2024-10-21,z_score,-5.546801333722377e-05
daily_refit,2024-10-21,mentions_momentum,-4.669517859496421e-06
daily_refit,2024-10-21,mentions_rank,0.0022488835610573674
daily_refit,2024-10-22,intercept,0.00023792694382939207
daily_refit,2024-10-22,mentions,-1.0125759345977822e-05
daily_refit,2024-10-22,z_score,-5.5657163733146615e-05
daily_refit,2024-10-22,mentions_momentum,-4.694676770550357e-06
daily_refit,2024-10-22,mentions_rank,0.0022354154386825796
daily_refit,2024-10-23,intercept,0.00024123636898534727
daily_refit,2024-10-23,mentions,-1.008909587639106e-05
daily_refit,2024-10-23,z_score,-5.4217768516993045e-05
daily_refit,2024-10-23,mentions_momentum,-4.649269388834873e-06
daily_refit,2024-10-23,mentions_rank,0.0022393694151411838
daily_refit,2024-10-24,intercept,0.00024455318029928776
daily_refit,2024-10-24,mentions,-9.827400809751829e-06
daily_refit,2024-10-24,z_score,-5.400998352092466e-05
daily_refit,2024-10-24,mentions_momentum,-4.524715717057196e-06
daily_refit,2024-10-24,mentions_rank,0.0022305891959621808
daily_refit,2024-10-25,intercept,0.00023441382867301567
daily_refit,2024-10-25,mentions,-9.581120439906368e-06
daily_refit,2024-10-25,z_score,-5.471517222962105e-05
daily_refit,2024-10-25,mentions_momentum,-4.837439791832297e-06
daily_refit,2024-10-25,mentions_rank,0.0022523426023603544
daily_refit,2024-10-28,intercept,0.0002301243790813051
daily_refit,2024-10-28,mentions,-9.630318350325215e-06
daily_refit,2024-10-28,z_score,-5.2119375515331124e-05
daily_refit,2024-10-28,mentions_momentum,-4.814778655357086e-06
daily_refit,2024-10-28,mentions_rank,0.0022478979038802007
daily_refit,2024-10-29,intercept,0.00022784524097537137
daily_refit,2024-10-29,mentions,-9.677766424784283e-06
daily_refit,2024-10-29,z_score,-5.049068379819215e-05
daily_refit,2024-10-29,mentions_momentum,-4.81770763774638e-06
daily_refit,2024-10-29,mentions_rank,0.002249543681672509
daily_refit,2024-10-30,intercept,0.00022663280324624802
daily_refit,2024-10-30,mentions,-9.813308165163305e-06
daily_refit,2024-10-30,z_score,-5.0168075775760956e-05
daily_refit,2024-10-30,mentions_momentum,-4.968275450387178e-06
daily_refit,2024-10-30,mentions_rank,0.0022171286462170704
daily_refit,2024-10-31,intercept,0.00021998459828883823
daily_refit,2024-10-31,mentions,-1.0194742047503485e-05
daily_refit,2024-10-31,z_score,-5.0850060568514e-05
daily_refit,2024-10-31,mentions_momentum,-4.901475484451401e-06
daily_refit,2024-10-31,mentions_rank,0.00222071523586422
daily_refit,2024-11-01,intercept,0.00021661895171902826
daily_refit,2024-11-01,mentions,-1.0373794006829067e-05
daily_refit,2024-11-01,z_score,-5.1005134829753215e-05
daily_refit,2024-11-01,mentions_momentum,-4.624281043836429e-06
daily_refit,2024-11-01,mentions_rank,0.0022142869552898084
daily_refit,2024-11-04,intercept,0.00021306231483353408
daily_refit,2024-11-04,mentions,-1.052471500683752e-05
daily_refit,2024-11-04,z_score,-5.1557369381201015e-05
daily_refit,2024-11-04,mentions_momentum,-4.487486589127193e-06
daily_refit,2024-11-04,mentions_rank,0.002258729367089099
daily_refit,2024-11-05,intercept,0.00026652333753205955
daily_refit,2024-11-05,mentions,-1.0644959684651193e-05
daily_refit,2024-11-05,z_score,-5.337442038964423e-05
daily_refit,2024-11-05,mentions_momentum,-4.28126380374072e-06
daily_refit,2024-11-05,mentions_rank,0.002254606902929644
daily_refit,2024-11-06,intercept,0.000267527400818034
daily_refit,2024-11-06,mentions,-1.049558204790514e-05
daily_refit,2024-11-06,z_score,-5.239572212786324e-05
daily_refit,2024-11-06,mentions_momentum,-4.173748491522843e-06
daily_refit,2024-11-06,mentions_rank,0.002291789810048461
daily_refit,2024-11-07,intercept,0.0002670829985242503
daily_refit,2024-11-07,mentions,-1.0189621127438308e-05
daily_refit,2024-11-07,z_score,-5.143150941231036e-05
daily_refit,2024-11-07,mentions_momentum,-4.746124610936065e-06
daily_refit,2024-11-07,mentions_rank,0.002303219209570151
daily_refit,2024-11-08,intercept,0.0002794106489357035
daily_refit,2024-11-08,mentions,-1.0136819134039311e-05
daily_refit,2024-11-08,z_score,-5.219263624805474e-05
daily_refit,2024-11-08,mentions_momentum,-4.759370869604027e-06
daily_refit,2024-11-08,mentions_rank,0.002310373940577574
daily_refit,2024-11-11,intercept,0.00027824913554272407
daily_refit,2024-11-11,mentions,-1.014355055528478e-05
daily_refit,2024-11-11,z_score,-5.169437232721069e-05
daily_refit,2024-11-11,mentions_momentum,-4.771960725488083e-06
daily_refit,2024-11-11,mentions_rank,0.0023022721716546607
daily_refit,2024-11-12,intercept,0.00026999074283445184
daily_refit,2024-11-12,mentions,-1.0187660816089066e-05
daily_refit,2024-11-12,z_score,-5.2310587731056354e-05
daily_refit,2024-11-12,mentions_momentum,-4.781474121338435e-06
daily_refit,2024-11-12,mentions_rank,0.0023267957236866345
daily_refit,2024-11-13,intercept,0.00026997914780020073
daily_refit,2024-11-13,mentions,-1.0264309463505936e-05
daily_refit,2024-11-13,z_score,-5.245288761172072e-05
daily_refit,2024-11-13,mentions_momentum,-4.624576203162702e-06
daily_refit,2024-11-13,mentions_rank,0.0023004352188123523
daily_refit,2024-11-14,intercept,0.0002537187593622852
daily_refit,2024-11-14,mentions,-1.0314325278687757e-05
daily_refit,2024-11-14,z_score,-5.342529907817279e-05
daily_refit,2024-11-14,mentions_momentum,-4.546317562947613e-06
daily_refit,2024-11-14,mentions_rank,0.0022949054626392866
daily_refit,2024-11-15,intercept,0.00024312384353807203
daily_refit,2024-11-15,mentions,-1.0250775524605043e-05
daily_refit,2024-11-15,z_score,-5.4260831488490066e-05
daily_refit,2024-11-15,mentions_momentum,-4.55560367923247e-06
daily_refit,2024-11-15,mentions_rank,0.0023462621955054204
daily_refit,2024-11-18,intercept,0.0002339982832554402
daily_refit,2024-11-18,mentions,-1.0205386481454778e-05
daily_refit,2024-11-18,z_score,-5.5157478005565794e-05
daily_refit,2024-11-18,mentions_momentum,-4.53532285388471e-06
daily_refit,2024-11-18,mentions_rank,0.002402368960785761
daily_refit,2024-11-19,intercept,0.0002441934059451432
daily_refit,2024-11-19,mentions,-1.011177979790615e-05
daily_refit,2024-11-19,z_score,-5.5537665568368235e-05
daily_refit,2024-11-19,mentions_momentum,-4.573825638589887e-06
daily_refit,2024-11-19,mentions_rank,0.0024066994999921
daily_refit,2024-11-20,intercept,0.0002549971968885359
daily_refit,2024-11-20,mentions,-9.98779960151274e-06
daily_refit,2024-11-20,z_score,-5.563889172514293e-05
daily_refit,2024-11-20,mentions_momentum,-4.638070196428403e-06
daily_refit,2024-11-20,mentions_rank,0.002373272141483922
daily_refit,2024-11-21,intercept,0.00027381278330825123
daily_refit,2024-11-21,mentions,-1.0003057048527664e-05
daily_refit,2024-11-21,z_score,-5.5404036808444354e-05
daily_refit,2024-11-21,mentions_momentum,-4.6718201150688e-06
daily_refit,2024-11-21,mentions_rank,0.002331326506752844
daily_refit,2024-11-22,intercept,0.0002882642009360421
daily_refit,2024-11-22,mentions,-1.0273730976942619e-05
daily_refit,2024-11-22,z_score,-5.678603219722611e-05
daily_refit,2024-11-22,mentions_momentum,-4.481825032508589e-06
daily_refit,2024-11-22,mentions_rank,0.002388812152660699
daily_refit,2024-11-25,intercept,0.0002914181181184442
daily_refit,2024-11-25,mentions,-1.0165458210855904e-05
daily_refit,2024-11-25,z_score,-5.7710709415661694e-05
daily_refit,2024-11-25,mentions_momentum,-4.5237849853348235e-06
daily_refit,2024-11-25,mentions_rank,0.0023503092035167808
daily_refit,2024-11-26,intercept,0.0002961453038370004
daily_refit,2024-11-26,mentions,-1.0134109552913489e-05
daily_refit,2024-11-26,z_score,-5.711642991648539e-05
daily_refit,2024-11-26,mentions_momentum,-4.546322097132432e-06
daily_refit,2024-11-26,mentions_rank,0.0023226097379156125
daily_refit,2024-11-27,intercept,0.000295749638395777
daily_refit,2024-11-27,mentions,-1.0108530406529616e-05
daily_refit,2024-11-27,z_score,-5.697595094303324e-05
daily_refit,2024-11-27,mentions_momentum,-4.551756801097825e-06
daily_refit,2024-11-27,mentions_rank,0.0023138024556067943
daily_refit,2024-11-29,intercept,0.0002932262708828517
daily_refit,2024-11-29,mentions,-1.0257258379455208e-05
daily_refit,2024-11-29,z_score,-5.792057129339895e-05
daily_refit,2024-11-29,mentions_momentum,-4.472607393532283e-06
daily_refit,2024-11-29,mentions_rank,0.002363882015065593
daily_refit,2024-12-02,intercept,0.0002870343406639262
daily_refit,2024-12-02,mentions,-1.0313272251617729e-05
daily_refit,2024-12-02,z_score,-5.815482686834664e-05
daily_refit,2024-12-02,mentions_momentum,-4.453992183485713e-06
daily_refit,2024-12-02,mentions_rank,0.0023887285234005387
daily_refit,2024-12-03,intercept,0.0002803296681045064
daily_refit,2024-12-03,mentions,-1.0393066820705714e-05
daily_refit,2024-12-03,z_score,-5.799053147078921e-05
daily_refit,2024-12-03,mentions_momentum,-4.482887436083211e-06
daily_refit,2024-12-03,mentions_rank,0.0024113994557906516
daily_refit,2024-12-04,intercept,0.0002759036014251397
daily_refit,2024-12-04,mentions,-1.045232255582721e-05
daily_refit,2024-12-04,z_score,-5.881359395432884e-05
daily_refit,2024-12-04,mentions_momentum,-4.47916865733097e-06
daily_refit,2024-12-04,mentions_rank,0.002452116066654428
daily_refit,2024-12-05,intercept,0.0002743944086017376
daily_refit,2024-12-05,mentions,-1.0398552885569051e-05
daily_refit,2024-12-05,z_score,-6.12961144768888e-05
daily_refit,2024-12-05,mentions_momentum,-4.497889400442361e-06
daily_refit,2024-12-05,mentions_rank,0.002441531057234013
daily_refit,2024-12-06,intercept,0.00026577227339797955
daily_refit,2024-12-06,mentions,-1.0516868758846158e-05
daily_refit,2024-12-06,z_score,-6.210100468668274e-05
daily_refit,2024-12-06,mentions_momentum,-4.424945843444726e-06
daily_refit,2024-12-06,mentions_rank,0.0025012075799585214
daily_refit,2024-12-09,intercept,0.0002572751288365633
daily_refit,2024-12-09,mentions,-1.044938497005908e-05
daily_refit,2024-12-09,z_score,-6.176369313593208e-05
daily_refit,2024-12-09,mentions_momentum,-4.535762736886368e-06
daily_refit,2024-12-09,mentions_rank,0.002462808905119422
daily_refit,2024-12-10,intercept,0.0002539310912811133
daily_refit,2024-12-10,mentions,-1.04314276047748e-05
daily_refit,2024-12-10,z_score,-6.11696889107201e-05
daily_refit,2024-12-10,mentions_momentum,-4.5420753558864e-06
daily_refit,2024-12-10,mentions_rank,0.002457988795634919
daily_refit,2024-12-11,intercept,0.0002470402418759859
daily_refit,2024-12-11,mentions,-1.0424288899693699e-05
daily_refit,2024-12-11,z_score,-6.10881298811695e-05
daily_refit,2024-12-11,mentions_momentum,-4.5342338569925995e-06
daily_refit,2024-12-11,mentions_rank,0.0024768819247132966
daily_refit,2024-12-12,intercept,0.00024096829699210575
daily_refit,2024-12-12,mentions,-1.0497807332597833e-05
daily_refit,2024-12-12,z_score,-6.221710261154095e-05
daily_refit,2024-12-12,mentions_momentum,-4.532507575805787e-06
daily_refit,2024-12-12,mentions_rank,0.0024981220334644506
daily_refit,2024-12-13,intercept,0.00023385843995150265
daily_refit,2024-12-13,mentions,-1.0278803116257592e-05
daily_refit,2024-12-13,z_score,-6.046589145529582e-05
daily_refit,2024-12-13,mentions_momentum,-4.534947088343628e-06
daily_refit,2024-12-13,mentions_rank,0.002501221187853872
daily_refit,2024-12-16,intercept,0.00021821333965554098
daily_refit,2024-12-16,mentions,-1.0256001822700023e-05
daily_refit,2024-12-16,z_score,-6.077528663150063e-05
daily_refit,2024-12-16,mentions_momentum,-4.622362850759997e-06
daily_refit,2024-12-16,mentions_rank,0.0025479871120061373
daily_refit,2024-12-17,intercept,0.0002137673902399914
daily_refit,2024-12-17,mentions,-1.0281507543036874e-05
daily_refit,2024-12-17,z_score,-6.014617170426274e-05
daily_refit,2024-12-17,mentions_momentum,-4.642545694670274e-06
daily_refit,2024-12-17,mentions_rank,0.0025549458825643028
daily_refit,2024-12-18,intercept,0.0001762809398943391
daily_refit,2024-12-18,mentions,-1.0513117733482888e-05
daily_refit,2024-12-18,z_score,-6.0905761059322795e-05
daily_refit,2024-12-18,mentions_momentum,-4.4738280706142215e-06
daily_refit,2024-12-18,mentions_rank,0.002577753856474607
daily_refit,2024-12-19,intercept,0.0001615124242167193
daily_refit,2024-12-19,mentions,-1.0722552389044767e-05
daily_refit,2024-12-19,z_score,-6.241122289415037e-05
daily_refit,2024-12-19,mentions_momentum,-4.415502880510145e-06
daily_refit,2024-12-19,mentions_rank,0.002569292263930859
daily_refit,2024-12-20,intercept,0.00018117649443551243
daily_refit,2024-12-20,mentions,-1.050826836117523e-05
daily_refit,2024-12-20,z_score,-6.2756823272773e-05
daily_refit,2024-12-20,mentions_momentum,-4.6698390681459425e-06
daily_refit,2024-12-20,mentions_rank,0.00255622501274736
daily_refit,2024-12-23,intercept,0.0001854051452736626
daily_refit,2024-12-23,mentions,-1.0510667002239213e-05
daily_refit,2024-12-23,z_score,-6.260232264767042e-05
daily_refit,2024-12-23,mentions_momentum,-4.693002007356652e-06
daily_refit,2024-12-23,mentions_rank,0.0025710986436938824
daily_refit,2024-12-24,intercept,0.0001891079720711314
daily_refit,2024-12-24,mentions,-1.0523367525716045e-05
daily_refit,2024-12-24,z_score,-6.305528745260458e-05
daily_refit,2024-12-24,mentions_momentum,-4.694822389764161e-06
daily_refit,2024-12-24,mentions_rank,0.0025824935857352844
daily_refit,2024-12-26,intercept,0.00018806873148729584
daily_refit,2024-12-26,mentions,-1.0499924680089072e-05
daily_refit,2024-12-26,z_score,-6.282053373417769e-05
daily_refit,2024-12-26,mentions_momentum,-4.732398687219631e-06
daily_refit,2024-12-26,mentions_rank,0.0025679390599595716
daily_refit,2024-12-27,intercept,0.0001776377416173044
daily_refit,2024-12-27,mentions,-1.0446706998116262e-05
daily_refit,2024-12-27,z_score,-6.182509120134771e-05
daily_refit,2024-12-27,mentions_momentum,-4.732451686989409e-06
daily_refit,2024-12-27,mentions_rank,0.0025274042046940872
daily_refit,2024-12-30,intercept,0.00017821423880609938
daily_refit,2024-12-30,mentions,-1.0461738205480543e-05
daily_refit,2024-12-30,z_score,-6.185492017571707e-05
daily_refit,2024-12-30,mentions_momentum,-4.71359741949198e-06
daily_refit,2024-12-30,mentions_rank,0.002538067953576764
daily_refit,2024-12-31,intercept,0.000186193208213754
daily_refit,2024-12-31,mentions,-1.0462802445034434e-05
daily_refit,2024-12-31,z_score,-6.167579847951895e-05
daily_refit,2024-12-31,mentions_momentum,-4.734520781615788e-06
daily_refit,2024-12-31,mentions_rank,0.0025050677163132302
daily_refit,2025-01-02,intercept,0.00017883621688802998
daily_refit,2025-01-02,mentions,-1.0480627499035e-05
daily_refit,2025-01-02,z_score,-6.147885924235053e-05
daily_refit,2025-01-02,mentions_momentum,-4.7566201672138296e-06
daily_refit,2025-01-02,mentions_rank,0.0025152091650381806
daily_refit,2025-01-03,intercept,0.00019128961737472952
daily_refit,2025-01-03,mentions,-1.0368135277858258e-05
daily_refit,2025-01-03,z_score,-6.179835745819594e-05
daily_refit,2025-01-03,mentions_momentum,-4.830126841552264e-06
daily_refit,2025-01-03,mentions_rank,0.002541733960574183
daily_refit,2025-01-06,intercept,0.0001867067430283818
daily_refit,2025-01-06,mentions,-1.0423652313114526e-05
daily_refit,2025-01-06,z_score,-6.166472776650466e-05
daily_refit,2025-01-06,mentions_momentum,-4.796809671817545e-06
daily_refit,2025-01-06,mentions_rank,0.0025679573981841316
daily_refit,2025-01-07,intercept,0.00017530530129865497
daily_refit,2025-01-07,mentions,-1.06249617700237e-05
daily_refit,2025-01-07,z_score,-6.0400577539636454e-05
daily_refit,2025-01-07,mentions_momentum,-4.922535554368631e-06
daily_refit,2025-01-07,mentions_rank,0.0025492374902862055
daily_refit,2025-01-08,intercept,0.00017039845131221686
daily_refit,2025-01-08,mentions,-1.0774898478268675e-05
daily_refit,2025-01-08,z_score,-6.0209882938922366e-05
daily_refit,2025-01-08,mentions_momentum,-4.707556115529905e-06
daily_refit,2025-01-08,mentions_rank,0.0025345256988144726
daily_refit,2025-01-10,intercept,0.00015683650208942612
daily_refit,2025-01-10,mentions,-1.0606335837190075e-05
daily_refit,2025-01-10,z_score,-6.209180673268654e-05
daily_refit,2025-01-10,mentions_momentum,-4.750551384234559e-06
daily_refit,2025-01-10,mentions_rank,0.002487348038745664
daily_refit,2025-01-13,intercept,0.0001795624249240026
daily_refit,2025-01-13,mentions,-1.0514809035108873e-05
daily_refit,2025-01-13,z_score,-6.540445767984322e-05
daily_refit,2025-01-13,mentions_momentum,-4.750087013743738e-06
daily_refit,2025-01-13,mentions_rank,0.002481029924224186
daily_refit,2025-01-14,intercept,0.00020979732582613206
daily_refit,2025-01-14,mentions,-1.0507001483344913e-05
daily_refit,2025-01-14,z_score,-6.553448808248163e-05
daily_refit,2025-01-14,mentions_momentum,-4.752904606090898e-06
daily_refit,2025-01-14,mentions_rank,0.0024405189374949346
daily_refit,2025-01-15,intercept,0.00019813716617699318
daily_refit,2025-01-15,mentions,-1.0564308552792558e-05
daily_refit,2025-01-15,z_score,-6.59825262635783e-05
daily_refit,2025-01-15,mentions_momentum,-4.764008669497566e-06
daily_refit,2025-01-15,mentions_rank,0.0024925573857314
daily_refit,2025-01-16,intercept,0.0002188428688879358
daily_refit,2025-01-16,mentions,-1.0610244587274122e-05
daily_refit,2025-01-16,z_score,-6.537183956074018e-05
daily_refit,2025-01-16,mentions_momentum,-4.737178801066952e-06
daily_refit,2025-01-16,mentions_rank,0.002482911799044114
daily_refit,2025-01-17,intercept,0.00022413618182828547
daily_refit,2025-01-17,mentions,-1.0627394967613972e-05
daily_refit,2025-01-17,z_score,-6.496946458018124e-05
daily_refit,2025-01-17,mentions_momentum,-4.770427375154452e-06
daily_refit,2025-01-17,mentions_rank,0.002490430076067498
daily_refit,2025-01-21,intercept,0.00023527041172082282
daily_refit,2025-01-21,mentions,-1.0744788249137258e-05
daily_refit,2025-01-21,z_score,-6.117075643161789e-05
daily_refit,2025-01-21,mentions_momentum,-4.759333514622847e-06
daily_refit,2025-01-21,mentions_rank,0.002490885342217887
daily_refit,2025-01-22,intercept,0.00022788075990299095
daily_refit,2025-01-22,mentions,-1.0813761833134141e-05
daily_refit,2025-01-22,z_score,-6.202261687566906e-05
daily_refit,2025-01-22,mentions_momentum,-4.823655354648802e-06
daily_refit,2025-01-22,mentions_rank,0.0024962010937436244
daily_refit,2025-01-23,intercept,0.00023173633672542328
daily_refit,2025-01-23,mentions,-1.0731769323289755e-05
daily_refit,2025-01-23,z_score,-6.293292975348235e-05
daily_refit,2025-01-23,mentions_momentum,-4.963735982155924e-06
daily_refit,2025-01-23,mentions_rank,0.002507762765038984
daily_refit,2025-01-24,intercept,0.00022569695870466836
daily_refit,2025-01-24,mentions,-1.0706720718035696e-05
daily_refit,2025-01-24,z_score,-6.515894453249942e-05
daily_refit,2025-01-24,mentions_momentum,-4.843253451070927e-06
daily_refit,2025-01-24,mentions_rank,0.0024385688328510814
daily_refit,2025-01-27,intercept,0.00023348452479218007
daily_refit,2025-01-27,mentions,-1.0657899055471946e-05
daily_refit,2025-01-27,z_score,-6.757702475183525e-05
daily_refit,2025-01-27,mentions_momentum,-4.876035071546642e-06
daily_refit,2025-01-27,mentions_rank,0.0024317357151250746
daily_refit,2025-01-28,intercept,0.00022815750726511692
daily_refit,2025-01-28,mentions,-1.024278563843174e-05
daily_refit,2025-01-28,z_score,-6.771181964258472e-05
daily_refit,2025-01-28,mentions_momentum,-5.075568299470431e-06
daily_refit,2025-01-28,mentions_rank,0.0024357257135949255
daily_refit,2025-01-29,intercept,0.0002307731092456215
daily_refit,2025-01-29,mentions,-1.0454886046492773e-05
daily_refit,2025-01-29,z_score,-6.449038606623366e-05
daily_refit,2025-01-29,mentions_momentum,-4.848941606424465e-06
daily_refit,2025-01-29,mentions_rank,0.002462399020934056
daily_refit,2025-01-30,intercept,0.00023259149891861514
daily_refit,2025-01-30,mentions,-1.0527016036903226e-05
daily_refit,2025-01-30,z_score,-6.14008731656661e-05
daily_refit,2025-01-30,mentions_momentum,-4.881237359122978e-06
daily_refit,2025-01-30,mentions_rank,0.0024854980396554135
daily_refit,2025-01-31,intercept,0.0002003708718402301
daily_refit,2025-01-31,mentions,-1.1621516230297797e-05
daily_refit,2025-01-31,z_score,-6.476124950506025e-05
daily_refit,2025-01-31,mentions_momentum,-4.019476899120897e-06
daily_refit,2025-01-31,mentions_rank,0.002543396541212344
daily_refit,2025-02-03,intercept,0.0002029542687379806
daily_refit,2025-02-03,mentions,-1.1710444789029862e-05
daily_refit,2025-02-03,z_score,-6.369750291305572e-05
daily_refit,2025-02-03,mentions_momentum,-3.866894934882822e-06
daily_refit,2025-02-03,mentions_rank,0.0026096819931066798
daily_refit,2025-02-04,intercept,0.00021539344419559464
daily_refit,2025-02-04,mentions,-1.1479102973646174e-05
daily_refit,2025-02-04,z_score,-6.442649113083221e-05
daily_refit,2025-02-04,mentions_momentum,-4.063795629679192e-06
daily_refit,2025-02-04,mentions_rank,0.0025642355324118245
daily_refit,2025-02-05,intercept,0.00022961587174587104
daily_refit,2025-02-05,mentions,-1.0831307300810997e-05
daily_refit,2025-02-05,z_score,-6.130070246066079e-05
daily_refit,2025-02-05,mentions_momentum,-3.85992143471633e-06
daily_refit,2025-02-05,mentions_rank,0.0025030591483102024
daily_refit,2025-02-06,intercept,0.00022340959110599224
daily_refit,2025-02-06,mentions,-1.095973057194467e-05
daily_refit,2025-02-06,z_score,-6.165279035463772e-05
daily_refit,2025-02-06,mentions_momentum,-3.7225179080173334e-06
daily_refit,2025-02-06,mentions_rank,0.0025452796873114466
daily_refit,2025-02-07,intercept,0.00021651290460092363
daily_refit,2025-02-07,mentions,-1.10932909562189e-05
daily_refit,2025-02-07,z_score,-6.017492600720584e-05
daily_refit,2025-02-07,mentions_momentum,-3.6675680560116056e-06
daily_refit,2025-02-07,mentions_rank,0.0025757924775457056
daily_refit,2025-02-10,intercept,0.00020619970048994888
daily_refit,2025-02-10,mentions,-1.109832301618923e-05
daily_refit,2025-02-10,z_score,-6.013341902188475e-05
daily_refit,2025-02-10,mentions_momentum,-3.74486451363114e-06
daily_refit,2025-02-10,mentions_rank,0.002607252891464376
daily_refit,2025-02-11,intercept,0.00019373613937177144
daily_refit,2025-02-11,mentions,-1.1184349194296559e-05
daily_refit,2025-02-11,z_score,-6.110682759072483e-05
daily_refit,2025-02-11,mentions_momentum,-3.7228121080401583e-06
daily_refit,2025-02-11,mentions_rank,0.002615135998826913
daily_refit,2025-02-12,intercept,0.0002017345582319249
daily_refit,2025-02-12,mentions,-1.1313901148750529e-05
daily_refit,2025-02-12,z_score,-6.0854456535903005e-05
daily_refit,2025-02-12,mentions_momentum,-3.819538199376457e-06
daily_refit,2025-02-12,mentions_rank,0.002649800486745857
daily_refit,2025-02-13,intercept,0.000210591087709679
daily_refit,2025-02-13,mentions,-1.0850880379753764e-05
daily_refit,2025-02-13,z_score,-6.493696958686699e-05
daily_refit,2025-02-13,mentions_momentum,-4.243639579098988e-06
daily_refit,2025-02-13,mentions_rank,0.002641332635936489
daily_refit,2025-02-14,intercept,0.00020485871917345493
daily_refit,2025-02-14,mentions,-1.0941225652398611e-05
daily_refit,2025-02-14,z_score,-6.168659100959145e-05
daily_refit,2025-02-14,mentions_momentum,-4.335427780820473e-06
daily_refit,2025-02-14,mentions_rank,0.002684381275802295
daily_refit,2025-02-18,intercept,0.00020723719767927527
daily_refit,2025-02-18,mentions,-1.0887053312379704e-05
daily_refit,2025-02-18,z_score,-6.213093403738342e-05
daily_refit,2025-02-18,mentions_momentum,-4.3079453556359135e-06
daily_refit,2025-02-18,mentions_rank,0.0026868210256576187
daily_refit,2025-02-19,intercept,0.0002146482117373579
daily_refit,2025-02-19,mentions,-1.0845961823982583e-05
daily_refit,2025-02-19,z_score,-6.146405428774827e-05
daily_refit,2025-02-19,mentions_momentum,-4.374477642895985e-06
daily_refit,2025-02-19,mentions_rank,0.002639525402789029
daily_refit,2025-02-20,intercept,0.00021222735544754146
daily_refit,2025-02-20,mentions,-1.0689614395890221e-05
daily_refit,2025-02-20,z_score,-6.308154707183319e-05
daily_refit,2025-02-20,mentions_momentum,-4.397327558260474e-06
daily_refit,2025-02-20,mentions_rank,0.0026337923064351392
daily_refit,2025-02-21,intercept,0.00019787546377356363
daily_refit,2025-02-21,mentions,-1.104882269834488e-05
daily_refit,2025-02-21,z_score,-6.882215634407869e-05
daily_refit,2025-02-21,mentions_momentum,-3.6483326281752397e-06
daily_refit,2025-02-21,mentions_rank,0.002603659605629947
daily_refit,2025-02-24,intercept,0.0002009647890848698
daily_refit,2025-02-24,mentions,-1.0976949554846046e-05
daily_refit,2025-02-24,z_score,-6.860809208837649e-05
daily_refit,2025-02-24,mentions_momentum,-3.6789688395083095e-06
daily_refit,2025-02-24,mentions_rank,0.0025362265157021545
daily_refit,2025-02-25,intercept,0.0002046501579340252
daily_refit,2025-02-25,mentions,-1.0957197377926812e-05
daily_refit,2025-02-25,z_score,-6.759324205681042e-05
daily_refit,2025-02-25,mentions_momentum,-3.7119987018958174e-06
daily_refit,2025-02-25,mentions_rank,0.0025250191345093298
daily_refit,2025-02-26,intercept,0.0001980188106554954
daily_refit,2025-02-26,mentions,-1.1212887842254306e-05
daily_refit,2025-02-26,z_score,-6.8599108648186e-05
daily_refit,2025-02-26,mentions_momentum,-3.880805595081158e-06
daily_refit,2025-02-26,mentions_rank,0.0025540740422263643
daily_refit,2025-02-27,intercept,0.00018484020042924135
daily_refit,2025-02-27,mentions,-1.290319937725915e-05
daily_refit,2025-02-27,z_score,-6.81398718946359e-05
daily_refit,2025-02-27,mentions_momentum,-3.2525117393787827e-06
daily_refit,2025-02-27,mentions_rank,0.0025998623709273467
daily_refit,2025-02-28,intercept,0.00017353546483887735
daily_refit,2025-02-28,mentions,-1.3592172755258654e-05
daily_refit,2025-02-28,z_score,-6.848000894868734e-05
daily_refit,2025-02-28,mentions_momentum,-2.4556538451024857e-06
daily_refit,2025-02-28,mentions_rank,0.0026054017427718317
daily_refit,2025-03-04,intercept,0.00015396310447989955
daily_refit,2025-03-04,mentions,-1.3514311095006831e-05
daily_refit,2025-03-04,z_score,-6.985445967404525e-05
daily_refit,2025-03-04,mentions_momentum,-2.603494063697471e-06
daily_refit,2025-03-04,mentions_rank,0.002672641515292005
daily_refit,2025-03-05,intercept,0.00015572096970519871
daily_refit,2025-03-05,mentions,-1.3525345451326172e-05
daily_refit,2025-03-05,z_score,-6.896527998053202e-05
daily_refit,2025-03-05,mentions_momentum,-2.584903269822138e-06
daily_refit,2025-03-05,mentions_rank,0.002647117936088777
daily_refit,2025-03-06,intercept,0.00014787139044032433
daily_refit,2025-03-06,mentions,-1.3542519364811263e-05
daily_refit,2025-03-06,z_score,-7.073248392971383e-05
daily_refit,2025-03-06,mentions_momentum,-2.5209700812712728e-06
daily_refit,2025-03-06,mentions_rank,0.0026285255250850276
daily_refit,2025-03-07,intercept,0.0001507543009736061
daily_refit,2025-03-07,mentions,-1.3534013394008392e-05
daily_refit,2025-03-07,z_score,-7.119206289803172e-05
daily_refit,2025-03-07,mentions_momentum,-2.4962986393529137e-06
daily_refit,2025-03-07,mentions_rank,0.002600741329229617
daily_refit,2025-03-10,intercept,0.00014586283714744804
daily_refit,2025-03-10,mentions,-1.3614360246437236e-05
daily_refit,2025-03-10,z_score,-6.918611692585543e-05
daily_refit,2025-03-10,mentions_momentum,-2.384132823314333e-06
daily_refit,2025-03-10,mentions_rank,0.0025359172334000844
daily_refit,2025-03-11,intercept,0.00013650790537124159
daily_refit,2025-03-11,mentions,-1.2868973885315734e-05
daily_refit,2025-03-11,z_score,-7.246608035935527e-05
daily_refit,2025-03-11,mentions_momentum,-1.937260377326558e-06
daily_refit,2025-03-11,mentions_rank,0.00257659424757122
daily_refit,2025-03-12,intercept,0.00012100340016213086
daily_refit,2025-03-12,mentions,-1.2816047358656636e-05
daily_refit,2025-03-12,z_score,-7.205238883831447e-05
daily_refit,2025-03-12,mentions_momentum,-1.9825124521733613e-06
daily_refit,2025-03-12,mentions_rank,0.0026000956212264958
daily_refit,2025-03-13,intercept,0.00011964911401968111
daily_refit,2025-03-13,mentions,-1.2757632960698137e-05
daily_refit,2025-03-13,z_score,-7.182601548623821e-05
daily_refit,2025-03-13,mentions_momentum,-2.0304702544703267e-06
daily_refit,2025-03-13,mentions_rank,0.0025759329754521426
daily_refit,2025-03-14,intercept,0.0001304004842553259
daily_refit,2025-03-14,mentions,-1.2854566562467063e-05
daily_refit,2025-03-14,z_score,-7.226881498723435e-05
daily_refit,2025-03-14,mentions_momentum,-2.012020053047982e-06
daily_refit,2025-03-14,mentions_rank,0.0026088727019266023
daily_refit,2025-03-17,intercept,0.00014722598597698977
daily_refit,2025-03-17,mentions,-1.3037903230780443e-05
daily_refit,2025-03-17,z_score,-7.210741260820642e-05
daily_refit,2025-03-17,mentions_momentum,-1.899141485257679e-06
daily_refit,2025-03-17,mentions_rank,0.0025932116260005203
daily_refit,2025-03-18,intercept,0.0001423499837660084
daily_refit,2025-03-18,mentions,-1.2987962420275096e-05
daily_refit,2025-03-18,z_score,-7.175426786390211e-05
daily_refit,2025-03-18,mentions_momentum,-1.928541594958193e-06
daily_refit,2025-03-18,mentions_rank,0.0025871233444299
daily_refit,2025-03-19,intercept,0.00014519957477615334
daily_refit,2025-03-19,mentions,-1.2987899353381944e-05
daily_refit,2025-03-19,z_score,-7.212806266904055e-05
daily_refit,2025-03-19,mentions_momentum,-1.916929728977657e-06
daily_refit,2025-03-19,mentions_rank,0.0025891061639501203
daily_refit,2025-03-20,intercept,0.00013671039498244078
daily_refit,2025-03-20,mentions,-1.2927550744681163e-05
daily_refit,2025-03-20,z_score,-7.178797108817853e-05
daily_refit,2025-03-20,mentions_momentum,-1.9535493482357084e-06
daily_refit,2025-03-20,mentions_rank,0.002586900761701252
daily_refit,2025-03-21,intercept,0.0001524085791832175
daily_refit,2025-03-21,mentions,-1.263350836217996e-05
daily_refit,2025-03-21,z_score,-7.282242322917897e-05
daily_refit,2025-03-21,mentions_momentum,-2.0869263448795105e-06
daily_refit,2025-03-21,mentions_rank,0.002603886306144534
daily_refit,2025-03-24,intercept,0.00016251031975455968
daily_refit,2025-03-24,mentions,-1.2393232779554057e-05
daily_refit,2025-03-24,z_score,-7.353298332713131e-05
daily_refit,2025-03-24,mentions_momentum,-2.2442657315679374e-06
daily_refit,2025-03-24,mentions_rank,0.002606108430676381
daily_refit,2025-03-25,intercept,0.00015876757054102836
daily_refit,2025-03-25,mentions,-1.2368986222753637e-05
daily_refit,2025-03-25,z_score,-7.341239282285327e-05
daily_refit,2025-03-25,mentions_momentum,-2.254728478691891e-06
daily_refit,2025-03-25,mentions_rank,0.0026024663393415595
daily_refit,2025-03-26,intercept,0.00015265827351311901
daily_refit,2025-03-26,mentions,-1.2406460174985468e-05
daily_refit,2025-03-26,z_score,-7.237396092995463e-05
daily_refit,2025-03-26,mentions_momentum,-2.2015067693790336e-06
daily_refit,2025-03-26,mentions_rank,0.002562067683210944
daily_refit,2025-03-27,intercept,0.00014970523145808886
daily_refit,2025-03-27,mentions,-1.230178544902974e-05
daily_refit,2025-03-27,z_score,-7.129701092638575e-05
daily_refit,2025-03-27,mentions_momentum,-2.28312234537924e-06
daily_refit,2025-03-27,mentions_rank,0.0025444317170571916
daily_refit,2025-03-28,intercept,0.00012374637399129352
daily_refit,2025-03-28,mentions,-1.2528561836964457e-05
daily_refit,2025-03-28,z_score,-7.436700340100653e-05
daily_refit,2025-03-28,mentions_momentum,-1.793174450468124e-06
daily_refit,2025-03-28,mentions_rank,0.002510625669317408
daily_refit,2025-03-31,intercept,0.0001373828686417419
daily_refit,2025-03-31,mentions,-1.2517301607466286e-05
daily_refit,2025-03-31,z_score,-7.506288447485896e-05
daily_refit,2025-03-31,mentions_momentum,-1.755020952157351e-06
daily_refit,2025-03-31,mentions_rank,0.0025376856035709
daily_refit,2025-04-01,intercept,0.00012946737381014945
daily_refit,2025-04-01,mentions,-1.2571868705078452e-05
daily_refit,2025-04-01,z_score,-7.501707154699866e-05
daily_refit,2025-04-01,mentions_momentum,-1.7199462224181952e-06
daily_refit,2025-04-01,mentions_rank,0.0025398831337585847
daily_refit,2025-04-02,intercept,0.00011487629058138797
daily_refit,2025-04-02,mentions,-1.2423982800921821e-05
daily_refit,2025-04-02,z_score,-7.378290764618647e-05
daily_refit,2025-04-02,mentions_momentum,-1.7953119174155475e-06
daily_refit,2025-04-02,mentions_rank,0.0025157252705535647
daily_refit,2025-04-03,intercept,4.8501128672998575e-05
daily_refit,2025-04-03,mentions,-1.2858945070955675e-05
daily_refit,2025-04-03,z_score,-7.646694208569881e-05
daily_refit,2025-04-03,mentions_momentum,-1.9694157783312128e-06
daily_refit,2025-04-03,mentions_rank,0.0026155771936648893
daily_refit,2025-04-04,intercept,-3.31810328348033e-05
daily_refit,2025-04-04,mentions,-1.3851736414278068e-05
daily_refit,2025-04-04,z_score,-8.206861667059291e-05
daily_refit,2025-04-04,mentions_momentum,-8.503353028117806e-07
daily_refit,2025-04-04,mentions_rank,0.0026968835133878723
daily_refit,2025-04-07,intercept,3.265764434276421e-05
daily_refit,2025-04-07,mentions,-1.3109590048282504e-05
daily_refit,2025-04-07,z_score,-7.683558939191486e-05
daily_refit,2025-04-07,mentions_momentum,-8.303840184581976e-07
daily_refit,2025-04-07,mentions_rank,0.002701200833572576
daily_refit,2025-04-08,intercept,-4.495575984749749e-05
daily_refit,2025-04-08,mentions,-1.3668424615234851e-05
daily_refit,2025-04-08,z_score,-8.129768240564702e-05
daily_refit,2025-04-08,mentions_momentum,-1.757106381513215e-07
daily_refit,2025-04-08,mentions_rank,0.002764514840888503
daily_refit,2025-04-09,intercept,5.8575986396788855e-05
daily_refit,2025-04-09,mentions,-1.2706236790988208e-05
daily_refit,2025-04-09,z_score,-6.983990644666855e-05
daily_refit,2025-04-09,mentions_momentum,-3.2951942547270625e-07
daily_refit,2025-04-09,mentions_rank,0.0026537865828379446
daily_refit,2025-04-10,intercept,3.134712662710403e-05
daily_refit,2025-04-10,mentions,-1.2949830503820921e-05
daily_refit,2025-04-10,z_score,-7.044126120439623e-05
daily_refit,2025-04-10,mentions_momentum,-1.7990037275964884e-07
daily_refit,2025-04-10,mentions_rank,0.002696154768621006
daily_refit,2025-04-11,intercept,7.355724026615102e-05
daily_refit,2025-04-11,mentions,-1.2663106652539025e-05
daily_refit,2025-04-11,z_score,-6.628317527705604e-05
daily_refit,2025-04-11,mentions_momentum,-5.140339625750073e-07
daily_refit,2025-04-11,mentions_rank,0.0026898963571732586
daily_refit,2025-04-14,intercept,7.278959167376956e-05
daily_refit,2025-04-14,mentions,-1.2709072410858942e-05
daily_refit,2025-04-14,z_score,-6.576753641744828e-05
daily_refit,2025-04-14,mentions_momentum,-5.143813742275798e-07
daily_refit,2025-04-14,mentions_rank,0.0026643786585721415
daily_refit,2025-04-15,intercept,6.311679058110016e-05
daily_refit,2025-04-15,mentions,-1.2732481171904796e-05
daily_refit,2025-04-15,z_score,-6.615810683189638e-05
daily_refit,2025-04-15,mentions_momentum,-4.619117820837914e-07
daily_refit,2025-04-15,mentions_rank,0.002644870731606208
daily_refit,2025-04-16,intercept,5.741757725281041e-05
daily_refit,2025-04-16,mentions,-1.267063390603793e-05
daily_refit,2025-04-16,z_score,-6.789054633593701e-05
daily_refit,2025-04-16,mentions_momentum,-4.296830054438753e-07
daily_refit,2025-04-16,mentions_rank,0.002640794513438333
daily_refit,2025-04-17,intercept,5.080426780745853e-05
daily_refit,2025-04-17,mentions,-1.3101714911460254e-05
daily_refit,2025-04-17,z_score,-6.862748392009785e-05
daily_refit,2025-04-17,mentions_momentum,8.558226484937574e-08
daily_refit,2025-04-17,mentions_rank,0.0026570795341280154
daily_refit,2025-04-21,intercept,4.825395393728271e-05
daily_refit,2025-04-21,mentions,-1.3091269459070996e-05
daily_refit,2025-04-21,z_score,-6.912367304882114e-05
daily_refit,2025-04-21,mentions_momentum,6.716600481085839e-08
daily_refit,2025-04-21,mentions_rank,0.002662263903185754
daily_refit,2025-04-22,intercept,9.234446771001614e-05
daily_refit,2025-04-22,mentions,-1.2828810676687746e-05
daily_refit,2025-04-22,z_score,-6.957416883188178e-05
daily_refit,2025-04-22,mentions_momentum,8.860400494859961e-08
daily_refit,2025-04-22,mentions_rank,0.00266243322824906
daily_refit,2025-04-23,intercept,8.25685211652906e-05
daily_refit,2025-04-23,mentions,-1.27598569754183e-05
daily_refit,2025-04-23,z_score,-6.97776749075863e-05
daily_refit,2025-04-23,mentions_momentum,1.1017202415503474e-07
daily_refit,2025-04-23,mentions_rank,0.002662470205723017
daily_refit,2025-04-24,intercept,0.00010368813286481926
daily_refit,2025-04-24,mentions,-1.2164072275178085e-05
daily_refit,2025-04-24,z_score,-6.845400218200733e-05
daily_refit,2025-04-24,mentions_momentum,-7.167267565894332e-07
daily_refit,2025-04-24,mentions_rank,0.0026213253333254947
daily_refit,2025-04-25,intercept,0.00010596440109201475
daily_refit,2025-04-25,mentions,-1.1980519038186485e-05
daily_refit,2025-04-25,z_score,-6.812539452309192e-05
daily_refit,2025-04-25,mentions_momentum,-8.110013374598237e-07
daily_refit,2025-04-25,mentions_rank,0.00263800786841676
daily_refit,2025-04-28,intercept,0.00010444180361667007
daily_refit,2025-04-28,mentions,-1.2025608449114884e-05
daily_refit,2025-04-28,z_score,-6.786166782504766e-05
daily_refit,2025-04-28,mentions_momentum,-7.296227484300608e-07
daily_refit,2025-04-28,mentions_rank,0.0026270218441632213
daily_refit,2025-04-29,intercept,0.00010364377473000634
daily_refit,2025-04-29,mentions,-1.1991287065216271e-05
daily_refit,2025-04-29,z_score,-6.701417529818996e-05
daily_refit,2025-04-29,mentions_momentum,-7.414740128886968e-07
daily_refit,2025-04-29,mentions_rank,0.0025986064162126484
daily_refit,2025-04-30,intercept,0.00011905353233132842
daily_refit,2025-04-30,mentions,-1.1892050802931415e-05
daily_refit,2025-04-30,z_score,-6.682336842168157e-05
daily_refit,2025-04-30,mentions_momentum,-5.152155456524135e-07
daily_refit,2025-04-30,mentions_rank,0.0026344768718743784
daily_refit,2025-05-01,intercept,0.00013540045924976805
daily_refit,2025-05-01,mentions,-1.1701977248400477e-05
daily_refit,2025-05-01,z_score,-6.767978815779197e-05
daily_refit,2025-05-01,mentions_momentum,-7.13072708910191e-07
daily_refit,2025-05-01,mentions_rank,0.0025785709580432425
daily_refit,2025-05-02,intercept,0.0001332655100833556
daily_refit,2025-05-02,mentions,-1.1796189432167076e-05
daily_refit,2025-05-02,z_score,-6.726867733135486e-05
daily_refit,2025-05-02,mentions_momentum,-7.660450302798078e-07
daily_refit,2025-05-02,mentions_rank,0.002586658311288168
daily_refit,2025-05-05,intercept,0.00012583221792782245
daily_refit,2025-05-05,mentions,-1.191431392070636e-05
daily_refit,2025-05-05,z_score,-6.889149334345914e-05
daily_refit,2025-05-05,mentions_momentum,-5.671968853033973e-07
daily_refit,2025-05-05,mentions_rank,0.002585179818502896
daily_refit,2025-05-06,intercept,0.0001298265922306975
daily_refit,2025-05-06,mentions,-1.2031790160403356e-05
daily_refit,2025-05-06,z_score,-6.908517092015484e-05
daily_refit,2025-05-06,mentions_momentum,-6.324666037670417e-07
daily_refit,2025-05-06,mentions_rank,0.0025971446462938787
daily_refit,2025-05-07,intercept,0.00014174166206974787
daily_refit,2025-05-07,mentions,-1.1914813746073286e-05
daily_refit,2025-05-07,z_score,-6.885843922891101e-05
daily_refit,2025-05-07,mentions_momentum,-7.302215711575604e-07
daily_refit,2025-05-07,mentions_rank,0.0026042415609681666
daily_refit,2025-05-08,intercept,0.00014739416469362567
daily_refit,2025-05-08,mentions,-1.1925773667588577e-05
daily_refit,2025-05-08,z_score,-6.925782616265519e-05
daily_refit,2025-05-08,mentions_momentum,-7.463505993418902e-07
daily_refit,2025-05-08,mentions_rank,0.002612420374216494
daily_refit,2025-05-09,intercept,0.00017624348644253347
daily_refit,2025-05-09,mentions,-1.1894476329280521e-05
daily_refit,2025-05-09,z_score,-6.86441473340305e-05
daily_refit,2025-05-09,mentions_momentum,-8.607458202330468e-07
daily_refit,2025-05-09,mentions_rank,0.0026210048332581987
daily_refit,2025-05-12,intercept,0.00017942485638384673
daily_refit,2025-05-12,mentions,-1.1864099381940117e-05
daily_refit,2025-05-12,z_score,-7.0024335810219e-05
daily_refit,2025-05-12,mentions_momentum,-9.030449529023701e-07
daily_refit,2025-05-12,mentions_rank,0.0026188835997062714
daily_refit,2025-05-13,intercept,0.0001758347741327004
daily_refit,2025-05-13,mentions,-1.1881594096463461e-05
daily_refit,2025-05-13,z_score,-7.067176769618375e-05
daily_refit,2025-05-13,mentions_momentum,-9.356613733917169e-07
daily_refit,2025-05-13,mentions_rank,0.002669636192835817
daily_refit,2025-05-14,intercept,0.0001666608758307485
daily_refit,2025-05-14,mentions,-1.1927491543837435e-05
daily_refit,2025-05-14,z_score,-7.825217818514455e-05
daily_refit,2025-05-14,mentions_momentum,-9.82163216468212e-07
daily_refit,2025-05-14,mentions_rank,0.0026777697253713905
daily_refit,2025-05-15,intercept,0.00018335965487229234
daily_refit,2025-05-15,mentions,-1.1728683445065034e-05
daily_refit,2025-05-15,z_score,-7.455749020245328e-05
daily_refit,2025-05-15,mentions_momentum,-1.0348974647480999e-06
daily_refit,2025-05-15,mentions_rank,0.002649961343310856
daily_refit,2025-05-16,intercept,0.00018353297899439768
daily_refit,2025-05-16,mentions,-1.1205950297639298e-05
daily_refit,2025-05-16,z_score,-7.211772577035155e-05
daily_refit,2025-05-16,mentions_momentum,-1.5394724352191275e-06
daily_refit,2025-05-16,mentions_rank,0.002603548157606133
daily_refit,2025-05-19,intercept,0.00019084018289329413
daily_refit,2025-05-19,mentions,-1.1040755973284585e-05
daily_refit,2025-05-19,z_score,-7.196579962888087e-05
daily_refit,2025-05-19,mentions_momentum,-1.6740173665180325e-06
daily_refit,2025-05-19,mentions_rank,0.0026051507752797285
daily_refit,2025-05-20,intercept,0.00018206303218881628
daily_refit,2025-05-20,mentions,-1.1174767312651336e-05
daily_refit,2025-05-20,z_score,-7.215019947525797e-05
daily_refit,2025-05-20,mentions_momentum,-1.6281027771382264e-06
daily_refit,2025-05-20,mentions_rank,0.002600596032383636
daily_refit,2025-05-21,intercept,0.0001568835219586253
daily_refit,2025-05-21,mentions,-1.129177207401957e-05
daily_refit,2025-05-21,z_score,-7.356927911991274e-05
daily_refit,2025-05-21,mentions_momentum,-1.5346140124831358e-06
daily_refit,2025-05-21,mentions_rank,0.002646856259875531
daily_refit,2025-05-22,intercept,0.0001415876763169651
daily_refit,2025-05-22,mentions,-1.1270523007207942e-05
daily_refit,2025-05-22,z_score,-7.349081155760239e-05
daily_refit,2025-05-22,mentions_momentum,-1.5320199134872125e-06
daily_refit,2025-05-22,mentions_rank,0.002653895358287128
daily_refit,2025-05-23,intercept,0.00016576771205559164
daily_refit,2025-05-23,mentions,-1.121497978210616e-05
daily_refit,2025-05-23,z_score,-7.341006620273796e-05
daily_refit,2025-05-23,mentions_momentum,-1.576838475251364e-06
daily_refit,2025-05-23,mentions_rank,0.0026356518874145604
daily_refit,2025-05-27,intercept,0.0001746167796752851
daily_refit,2025-05-27,mentions,-1.1240767196124034e-05
daily_refit,2025-05-27,z_score,-7.36249118797818e-05
daily_refit,2025-05-27,mentions_momentum,-1.5450699805007144e-06
daily_refit,2025-05-27,mentions_rank,0.0026389783952674747
daily_refit,2025-05-28,intercept,0.0001681971510082173
daily_refit,2025-05-28,mentions,-1.1171502307162951e-05
daily_refit,2025-05-28,z_score,-7.395340841113075e-05
daily_refit,2025-05-28,mentions_momentum,-1.5326442564246206e-06
daily_refit,2025-05-28,mentions_rank,0.00264976735927029
daily_refit,2025-05-29,intercept,0.0001631886374972718
daily_refit,2025-05-29,mentions,-1.1244369431435478e-05
daily_refit,2025-05-29,z_score,-7.28504170728649e-05
daily_refit,2025-05-29,mentions_momentum,-1.5603082665834291e-06
daily_refit,2025-05-29,mentions_rank,0.002633531833450389
daily_refit,2025-05-30,intercept,0.00016187641041503394
daily_refit,2025-05-30,mentions,-1.1363676343391794e-05
daily_refit,2025-05-30,z_score,-7.273270303835154e-05
daily_refit,2025-05-30,mentions_momentum,-1.3987520491494264e-06
daily_refit,2025-05-30,mentions_rank,0.002638418768753935
daily_refit,2025-06-02,intercept,0.00016337354779585473
daily_refit,2025-06-02,mentions,-1.1427806277507105e-05
daily_refit,2025-06-02,z_score,-7.310120133774483e-05
daily_refit,2025-06-02,mentions_momentum,-1.38384487015557e-06
daily_refit,2025-06-02,mentions_rank,0.0026634098821085106
daily_refit,2025-06-03,intercept,0.00017753785869873705
daily_refit,2025-06-03,mentions,-1.1402974516767315e-05
daily_refit,2025-06-03,z_score,-7.336717695685161e-05
daily_refit,2025-06-03,mentions_momentum,-1.3805698955902286e-06
daily_refit,2025-06-03,mentions_rank,0.002644123290180775
daily_refit,2025-06-04,intercept,0.00017548131176532358
daily_refit,2025-06-04,mentions,-1.140625109291998e-05
daily_refit,2025-06-04,z_score,-7.333302950966405e-05
daily_refit,2025-06-04,mentions_momentum,-1.3903068207006417e-06
daily_refit,2025-06-04,mentions_rank,0.00264063027689488
daily_refit,2025-06-05,intercept,0.00018291099489129936
daily_refit,2025-06-05,mentions,-1.1407805668854081e-05
daily_refit,2025-06-05,z_score,-7.231831071378635e-05
daily_refit,2025-06-05,mentions_momentum,-1.431885594323352e-06
daily_refit,2025-06-05,mentions_rank,0.00259963882679501
daily_refit,2025-06-06,intercept,0.00018568098154488847
daily_refit,2025-06-06,mentions,-1.1622631939836904e-05
daily_refit,2025-06-06,z_score,-7.183247333431307e-05
daily_refit,2025-06-06,mentions_momentum,-1.5145607617842394e-06
daily_refit,2025-06-06,mentions_rank,0.002608558195802214
daily_refit,2025-06-09,intercept,0.0001864091182204679
daily_refit,2025-06-09,mentions,-1.1051794747209354e-05
daily_refit,2025-06-09,z_score,-7.144613500907402e-05
daily_refit,2025-06-09,mentions_momentum,-2.29191796381614e-06
daily_refit,2025-06-09,mentions_rank,0.002585745929354486
daily_refit,2025-06-10,intercept,0.00019183129759772134
daily_refit,2025-06-10,mentions,-1.0909583513517737e-05
daily_refit,2025-06-10,z_score,-7.166695396338528e-05
daily_refit,2025-06-10,mentions_momentum,-2.278549011463268e-06
daily_refit,2025-06-10,mentions_rank,0.002585449401366668
daily_refit,2025-06-11,intercept,0.00018123733521537564
daily_refit,2025-06-11,mentions,-1.0989298363254756e-05
daily_refit,2025-06-11,z_score,-7.125094503083097e-05
daily_refit,2025-06-11,mentions_momentum,-2.2060942902000063e-06
daily_refit,2025-06-11,mentions_rank,0.002587074284044734
daily_refit,2025-06-12,intercept,0.0001774105329918833
daily_refit,2025-06-12,mentions,-1.1057063316170936e-05
daily_refit,2025-06-12,z_score,-6.978807540428429e-05
daily_refit,2025-06-12,mentions_momentum,-2.154972367355026e-06
daily_refit,2025-06-12,mentions_rank,0.002591138166373418
daily_refit,2025-06-13,intercept,0.00018039277064570665
daily_refit,2025-06-13,mentions,-1.099353555912066e-05
daily_refit,2025-06-13,z_score,-6.973089718316009e-05
daily_refit,2025-06-13,mentions_momentum,-2.1777622813267383e-06
daily_refit,2025-06-13,mentions_rank,0.0025983576155916162
daily_refit,2025-06-16,intercept,0.00017832065554904993
daily_refit,2025-06-16,mentions,-1.1016825273082353e-05
daily_refit,2025-06-16,z_score,-6.921791968984878e-05
daily_refit,2025-06-16,mentions_momentum,-2.1693195701728927e-06
daily_refit,2025-06-16,mentions_rank,0.002602499535722716
daily_refit,2025-06-17,intercept,0.00017234276086970757
daily_refit,2025-06-17,mentions,-1.1021867532477959e-05
daily_refit,2025-06-17,z_score,-6.873895228727583e-05
daily_refit,2025-06-17,mentions_momentum,-2.1721196915524183e-06
daily_refit,2025-06-17,mentions_rank,0.0026028086165335138
daily_refit,2025-06-18,intercept,0.00017792589713236487
daily_refit,2025-06-18,mentions,-1.1042480232391661e-05
daily_refit,2025-06-18,z_score,-6.913068917623478e-05
daily_refit,2025-06-18,mentions_momentum,-2.1591834723675735e-06
daily_refit,2025-06-18,mentions_rank,0.0026134852255617134
daily_refit,2025-06-20,intercept,0.0001738863968807659
daily_refit,2025-06-20,mentions,-1.1037949637055078e-05
daily_refit,2025-06-20,z_score,-6.883897269731368e-05
daily_refit,2025-06-20,mentions_momentum,-2.1483858417099494e-06
daily_refit,2025-06-20,mentions_rank,0.002603947770283672
daily_refit,2025-06-23,intercept,0.00019187443430539284
daily_refit,2025-06-23,mentions,-1.0879095213185333e-05
daily_refit,2025-06-23,z_score,-7.03930044576783e-05
daily_refit,2025-06-23,mentions_momentum,-2.2121246075077674e-06
daily_refit,2025-06-23,mentions_rank,0.0025727092327498947
daily_refit,2025-06-24,intercept,0.00019440487860175254
daily_refit,2025-06-24,mentions,-1.0994345545639259e-05
daily_refit,2025-06-24,z_score,-7.056753407058838e-05
daily_refit,2025-06-24,mentions_momentum,-2.1539697472739106e-06
daily_refit,2025-06-24,mentions_rank,0.0026022838473040055
daily_refit,2025-06-25,intercept,0.00019011724927566734
daily_refit,2025-06-25,mentions,-1.1028132435333631e-05
daily_refit,2025-06-25,z_score,-7.128126003194335e-05
daily_refit,2025-06-25,mentions_momentum,-2.1133904345707467e-06
daily_refit,2025-06-25,mentions_rank,0.0026141319974581465
daily_refit,2025-06-26,intercept,0.00019617276951415147
daily_refit,2025-06-26,mentions,-1.1089611777506097e-05
daily_refit,2025-06-26,z_score,-7.107828411705935e-05
daily_refit,2025-06-26,mentions_momentum,-2.1093579689585237e-06
daily_refit,2025-06-26,mentions_rank,0.0026230585137397497
daily_refit,2025-06-27,intercept,0.00019978712386615915
daily_refit,2025-06-27,mentions,-1.1082962208706863e-05
daily_refit,2025-06-27,z_score,-7.156706760003908e-05
daily_refit,2025-06-27,mentions_momentum,-2.0842632088292343e-06
daily_refit,2025-06-27,mentions_rank,0.0026280968955275674
daily_refit,2025-06-30,intercept,0.00021766970121287797
daily_refit,2025-06-30,mentions,-1.1035056912363038e-05
daily_refit,2025-06-30,z_score,-7.201883892727403e-05
daily_refit,2025-06-30,mentions_momentum,-2.128246439904388e-06
daily_refit,2025-06-30,mentions_rank,0.0025903512263276227
daily_refit,2025-07-02,intercept,0.00022459461222160091
daily_refit,2025-07-02,mentions,-1.0976363889945504e-05
daily_refit,2025-07-02,z_score,-7.82940811152713e-05
daily_refit,2025-07-02,mentions_momentum,-2.068440548045244e-06
daily_refit,2025-07-02,mentions_rank,0.0025975631536996916
daily_refit,2025-07-03,intercept,0.0002250706703499749
daily_refit,2025-07-03,mentions,-1.1069448331943753e-05
daily_refit,2025-07-03,z_score,-7.844766614892154e-05
daily_refit,2025-07-03,mentions_momentum,-1.984332200992159e-06
daily_refit,2025-07-03,mentions_rank,0.002588707668958032
daily_refit,2025-07-07,intercept,0.00021763372174235542
daily_refit,2025-07-07,mentions,-1.1026442178911703e-05
daily_refit,2025-07-07,z_score,-7.872934501840528e-05
daily_refit,2025-07-07,mentions_momentum,-1.9702344677342666e-06
daily_refit,2025-07-07,mentions_rank,0.0025963281957748796
daily_refit,2025-07-08,intercept,0.00022548348757571215
daily_refit,2025-07-08,mentions,-1.0983058697852188e-05
daily_refit,2025-07-08,z_score,-7.866954152537409e-05
daily_refit,2025-07-08,mentions_momentum,-1.9868932385978103e-06
daily_refit,2025-07-08,mentions_rank,0.0025731612562331163
daily_refit,2025-07-09,intercept,0.0002236253725673378
daily_refit,2025-07-09,mentions,-1.1042874962963824e-05
daily_refit,2025-07-09,z_score,-7.78244677321076e-05
daily_refit,2025-07-09,mentions_momentum,-1.9692430583972875e-06
daily_refit,2025-07-09,mentions_rank,0.0025926184355241104
daily_refit,2025-07-10,intercept,0.00022154141965597497
daily_refit,2025-07-10,mentions,-1.102337425190325e-05
daily_refit,2025-07-10,z_score,-7.836235675180364e-05
daily_refit,2025-07-10,mentions_momentum,-1.97809116408943e-06
daily_refit,2025-07-10,mentions_rank,0.002594514230907809
daily_refit,2025-07-11,intercept,0.0002154021428253706
daily_refit,2025-07-11,mentions,-1.103898162461819e-05
daily_refit,2025-07-11,z_score,-7.840110097115099e-05
daily_refit,2025-07-11,mentions_momentum,-1.9628711435464492e-06
daily_refit,2025-07-11,mentions_rank,0.0026181168682435983
daily_refit,2025-07-14,intercept,0.00022079104975235962
daily_refit,2025-07-14,mentions,-1.1045665685519525e-05
daily_refit,2025-07-14,z_score,-7.857976539113222e-05
daily_refit,2025-07-14,mentions_momentum,-1.9554860586775397e-06
daily_refit,2025-07-14,mentions_rank,0.0026200285480271874
daily_refit,2025-07-15,intercept,0.0002034184042383463
daily_refit,2025-07-15,mentions,-1.1088654096975273e-05
daily_refit,2025-07-15,z_score,-7.896076510629259e-05
daily_refit,2025-07-15,mentions_momentum,-1.9366243920816275e-06
daily_refit,2025-07-15,mentions_rank,0.002650392831969713
daily_refit,2025-07-16,intercept,0.00020408098262807207
daily_refit,2025-07-16,mentions,-1.1067887674176319e-05
daily_refit,2025-07-16,z_score,-7.915204579439072e-05
daily_refit,2025-07-16,mentions_momentum,-1.9589081485802603e-06
daily_refit,2025-07-16,mentions_rank,0.002651644102592849
daily_refit,2025-07-17,intercept,0.00021904041231080913
daily_refit,2025-07-17,mentions,-1.1074516111261228e-05
daily_refit,2025-07-17,z_score,-7.934870462835535e-05
daily_refit,2025-07-17,mentions_momentum,-1.9610576451285205e-06
daily_refit,2025-07-17,mentions_rank,0.0026412659203902573
daily_refit,2025-07-18,intercept,0.00021783533783938702
daily_refit,2025-07-18,mentions,-1.1062507410750959e-05
daily_refit,2025-07-18,z_score,-7.958692493805051e-05
daily_refit,2025-07-18,mentions_momentum,-1.985822170120525e-06
daily_refit,2025-07-18,mentions_rank,0.0026338352852654846
daily_refit,2025-07-21,intercept,0.00021179865129672366
daily_refit,2025-07-21,mentions,-1.1061046145046627e-05
daily_refit,2025-07-21,z_score,-7.972865463317919e-05
daily_refit,2025-07-21,mentions_momentum,-1.9809919837996122e-06
daily_refit,2025-07-21,mentions_rank,0.002639146369019985
daily_refit,2025-07-22,intercept,0.00023121931096169976
daily_refit,2025-07-22,mentions,-1.105325924488598e-05
daily_refit,2025-07-22,z_score,-7.777638500777263e-05
daily_refit,2025-07-22,mentions_momentum,-1.9935185586771345e-06
daily_refit,2025-07-22,mentions_rank,0.0026070413753324774
daily_refit,2025-07-23,intercept,0.0002354667453154797
daily_refit,2025-07-23,mentions,-1.1024366589158004e-05
daily_refit,2025-07-23,z_score,-7.832236600617255e-05
daily_refit,2025-07-23,mentions_momentum,-2.0174748205437425e-06
daily_refit,2025-07-23,mentions_rank,0.0025944903108004644
daily_refit,2025-07-24,intercept,0.00023635840420804734
daily_refit,2025-07-24,mentions,-1.1024649339023003e-05
daily_refit,2025-07-24,z_score,-7.886179350553906e-05
daily_refit,2025-07-24,mentions_momentum,-2.052000176521982e-06
daily_refit,2025-07-24,mentions_rank,0.0025838974165369507
daily_refit,2025-07-25,intercept,0.00023845075488151187
daily_refit,2025-07-25,mentions,-1.0872675358740747e-05
daily_refit,2025-07-25,z_score,-7.959285713591092e-05
daily_refit,2025-07-25,mentions_momentum,-2.272675339131014e-06
daily_refit,2025-07-25,mentions_rank,0.0025875056752305663
daily_refit,2025-07-28,intercept,0.00023372956962053207
daily_refit,2025-07-28,mentions,-1.0894509325017865e-05
daily_refit,2025-07-28,z_score,-8.2068053288907e-05
daily_refit,2025-07-28,mentions_momentum,-2.2093440201233256e-06
daily_refit,2025-07-28,mentions_rank,0.0026002284602649884
daily_refit,2025-07-29,intercept,0.00023230198100132195
daily_refit,2025-07-29,mentions,-1.0862168967980251e-05
daily_refit,2025-07-29,z_score,-8.20543903004913e-05
daily_refit,2025-07-29,mentions_momentum,-2.225416354435058e-06
daily_refit,2025-07-29,mentions_rank,0.0025868325157860934
daily_refit,2025-07-30,intercept,0.00021691317856290936
daily_refit,2025-07-30,mentions,-1.0966667969764085e-05
daily_refit,2025-07-30,z_score,-8.307229003478912e-05
daily_refit,2025-07-30,mentions_momentum,-2.1978970962011934e-06
daily_refit,2025-07-30,mentions_rank,0.0026366575379314543
daily_refit,2025-07-31,intercept,0.00020370595714962205
daily_refit,2025-07-31,mentions,-1.121183264667772e-05
daily_refit,2025-07-31,z_score,-8.366719763351095e-05
daily_refit,2025-07-31,mentions_momentum,-2.3553294469539145e-06
daily_refit,2025-07-31,mentions_rank,0.0026197973978757086
daily_refit,2025-08-01,intercept,0.000204543869540938
daily_refit,2025-08-01,mentions,-1.1258125389656916e-05
daily_refit,2025-08-01,z_score,-8.400044229734761e-05
daily_refit,2025-08-01,mentions_momentum,-2.3818038727383792e-06
daily_refit,2025-08-01,mentions_rank,0.0026117137740409727
daily_refit,2025-08-04,intercept,0.00021473379893251023
daily_refit,2025-08-04,mentions,-1.1265190192452507e-05
daily_refit,2025-08-04,z_score,-8.420935152643164e-05
daily_refit,2025-08-04,mentions_momentum,-2.3145656647643056e-06
daily_refit,2025-08-04,mentions_rank,0.002610662749804224
daily_refit,2025-08-05,intercept,0.00021320241633403721
daily_refit,2025-08-05,mentions,-1.1184423738299853e-05
daily_refit,2025-08-05,z_score,-8.663351322404567e-05
daily_refit,2025-08-05,mentions_momentum,-2.3973143402943035e-06
daily_refit,2025-08-05,mentions_rank,0.0025864846648371237
daily_refit,2025-08-06,intercept,0.0002150373151053391
daily_refit,2025-08-06,mentions,-1.1055680818152744e-05
daily_refit,2025-08-06,z_score,-8.707466389020586e-05
daily_refit,2025-08-06,mentions_momentum,-2.5076643924129287e-06
daily_refit,2025-08-06,mentions_rank,0.0026029084360038443
daily_refit,2025-08-07,intercept,0.00020940393644886036
daily_refit,2025-08-07,mentions,-1.0912160611481085e-05
daily_refit,2025-08-07,z_score,-8.751809619253108e-05
daily_refit,2025-08-07,mentions_momentum,-2.6808123866345302e-06
daily_refit,2025-08-07,mentions_rank,0.002605590584774176
daily_refit,2025-08-08,intercept,0.0002096709228188391
daily_refit,2025-08-08,mentions,-1.0817658090348046e-05
daily_refit,2025-08-08,z_score,-9.1665153242728e-05
daily_refit,2025-08-08,mentions_momentum,-2.7564594383690466e-06
daily_refit,2025-08-08,mentions_rank,0.0026079555751610255
daily_refit,2025-08-11,intercept,0.00020700179197005806
daily_refit,2025-08-11,mentions,-1.0839607834695156e-05
daily_refit,2025-08-11,z_score,-9.183001269094002e-05
daily_refit,2025-08-11,mentions_momentum,-2.7488105909363957e-06
daily_refit,2025-08-11,mentions_rank,0.002623303742618592
daily_refit,2025-08-12,intercept,0.0002231104948354438
daily_refit,2025-08-12,mentions,-1.084034565784261e-05
daily_refit,2025-08-12,z_score,-8.897934785147565e-05
daily_refit,2025-08-12,mentions_momentum,-2.7816414526786163e-06
daily_refit,2025-08-12,mentions_rank,0.0026041886154219503
daily_refit,2025-08-13,intercept,0.00023156271613781982
daily_refit,2025-08-13,mentions,-1.0947755148415847e-05
daily_refit,2025-08-13,z_score,-6.262129306620465e-05
daily_refit,2025-08-13,mentions_momentum,-3.0613991074170886e-06
daily_refit,2025-08-13,mentions_rank,0.002531433784517873
daily_refit,2025-08-14,intercept,0.0002325427682390645
daily_refit,2025-08-14,mentions,-1.092264710695106e-05
daily_refit,2025-08-14,z_score,-6.586877539279889e-05
daily_refit,2025-08-14,mentions_momentum,-2.9951302594529882e-06
daily_refit,2025-08-14,mentions_rank,0.0025561311176821207
daily_refit,2025-08-15,intercept,0.00022659746431281008
daily_refit,2025-08-15,mentions,-1.0758011004009303e-05
daily_refit,2025-08-15,z_score,-6.585413706820128e-05
daily_refit,2025-08-15,mentions_momentum,-2.921484732454081e-06
daily_refit,2025-08-15,mentions_rank,0.0025454527630792076
daily_refit,2025-08-18,intercept,0.00022616060490158305
daily_refit,2025-08-18,mentions,-1.080981935110271e-05
daily_refit,2025-08-18,z_score,-6.604696841834362e-05
daily_refit,2025-08-18,mentions_momentum,-2.8855926533545005e-06
daily_refit,2025-08-18,mentions_rank,0.0025580199589856994
daily_refit,2025-08-19,intercept,0.00023439864301806867
daily_refit,2025-08-19,mentions,-1.0658971940975665e-05
daily_refit,2025-08-19,z_score,-6.53159930324159e-05
daily_refit,2025-08-19,mentions_momentum,-2.9460860227671043e-06
daily_refit,2025-08-19,mentions_rank,0.0024870390080668405
daily_refit,2025-08-20,intercept,0.0002294903958736671
daily_refit,2025-08-20,mentions,-1.0695287018403719e-05
daily_refit,2025-08-20,z_score,-6.573933286522921e-05
daily_refit,2025-08-20,mentions_momentum,-2.8594480211435832e-06
daily_refit,2025-08-20,mentions_rank,0.002490575082604262
daily_refit,2025-08-21,intercept,0.00023665219045092666
daily_refit,2025-08-21,mentions,-1.0677469591081955e-05
daily_refit,2025-08-21,z_score,-6.542185285444268e-05
daily_refit,2025-08-21,mentions_momentum,-2.8632201484427447e-06
daily_refit,2025-08-21,mentions_rank,0.0024687270118984297
daily_refit,2025-08-22,intercept,0.0002495577503931155
daily_refit,2025-08-22,mentions,-1.0648930466294952e-05
daily_refit,2025-08-22,z_score,-6.564637090198301e-05
daily_refit,2025-08-22,mentions_momentum,-2.8471979096895144e-06
daily_refit,2025-08-22,mentions_rank,0.002467948313749729
daily_refit,2025-08-25,intercept,0.00024284003360125296
daily_refit,2025-08-25,mentions,-1.0657193400734626e-05
daily_refit,2025-08-25,z_score,-6.518692803492249e-05
daily_refit,2025-08-25,mentions_momentum,-2.8471915518251947e-06
daily_refit,2025-08-25,mentions_rank,0.002476110237271241
daily_refit,2025-08-26,intercept,0.0002437153643057414
daily_refit,2025-08-26,mentions,-1.0642380853568759e-05
daily_refit,2025-08-26,z_score,-6.624598094222284e-05
daily_refit,2025-08-26,mentions_momentum,-2.838802188803794e-06
daily_refit,2025-08-26,mentions_rank,0.00247789235679577
daily_refit,2025-08-27,intercept,0.0002504776369380603
daily_refit,2025-08-27,mentions,-1.063888754734702e-05
daily_refit,2025-08-27,z_score,-6.623208238031835e-05
daily_refit,2025-08-27,mentions_momentum,-2.8408926228412485e-06
daily_refit,2025-08-27,mentions_rank,0.002469482897820341
daily_refit,2025-08-28,intercept,0.000247869381830814
daily_refit,2025-08-28,mentions,-1.0635633133695708e-05
daily_refit,2025-08-28,z_score,-6.552630027307845e-05
daily_refit,2025-08-28,mentions_momentum,-2.8238199437676173e-06
daily_refit,2025-08-28,mentions_rank,0.002469721692172736
daily_refit,2025-08-29,intercept,0.00023643611057130002
daily_refit,2025-08-29,mentions,-1.0879775204918434e-05
daily_refit,2025-08-29,z_score,-6.561524980485969e-05
daily_refit,2025-08-29,mentions_momentum,-2.3602042656504556e-06
daily_refit,2025-08-29,mentions_rank,0.0024557841061223313
daily_refit,2025-09-02,intercept,0.00023439063852874405
daily_refit,2025-09-02,mentions,-1.0988864152923071e-05
daily_refit,2025-09-02,z_score,-6.607648527406573e-05
daily_refit,2025-09-02,mentions_momentum,-2.2967448453098056e-06
daily_refit,2025-09-02,mentions_rank,0.0024920453569637086
daily_refit,2025-09-03,intercept,0.00023772279771881497
daily_refit,2025-09-03,mentions,-1.089670076772324e-05
daily_refit,2025-09-03,z_score,-6.633674560360289e-05
daily_refit,2025-09-03,mentions_momentum,-2.253872110839006e-06
daily_refit,2025-09-03,mentions_rank,0.0024798938474544677
daily_refit,2025-09-04,intercept,0.00024820216891267545
daily_refit,2025-09-04,mentions,-1.0822503637727618e-05
daily_refit,2025-09-04,z_score,-6.631460695284973e-05
daily_refit,2025-09-04,mentions_momentum,-2.3159544737586525e-06
daily_refit,2025-09-04,mentions_rank,0.0024603949345761485
daily_refit,2025-09-05,intercept,0.00024595028391866976
daily_refit,2025-09-05,mentions,-1.0813464766346061e-05
daily_refit,2025-09-05,z_score,-6.59227835497992e-05
daily_refit,2025-09-05,mentions_momentum,-2.3219646990202067e-06
daily_refit,2025-09-05,mentions_rank,0.0024630939380711906
daily_refit,2025-09-08,intercept,0.00024232990308325195
daily_refit,2025-09-08,mentions,-1.0832132382789878e-05
daily_refit,2025-09-08,z_score,-6.610121147374805e-05
daily_refit,2025-09-08,mentions_momentum,-2.318212770898905e-06
daily_refit,2025-09-08,mentions_rank,0.0024790119502465075
daily_refit,2025-09-09,intercept,0.00023560762595745957
daily_refit,2025-09-09,mentions,-1.1014188585644822e-05
daily_refit,2025-09-09,z_score,-6.495424027360864e-05
daily_refit,2025-09-09,mentions_momentum,-2.241704934392574e-06
daily_refit,2025-09-09,mentions_rank,0.0025507589856328295
daily_refit,2025-09-10,intercept,0.00023750986743026263
daily_refit,2025-09-10,mentions,-1.08843658634222e-05
daily_refit,2025-09-10,z_score,-6.419188410245357e-05
daily_refit,2025-09-10,mentions_momentum,-2.186668188905601e-06
daily_refit,2025-09-10,mentions_rank,0.002535596621813324
daily_refit,2025-09-11,intercept,0.00025083078342602084
daily_refit,2025-09-11,mentions,-1.1107075123117702e-05
daily_refit,2025-09-11,z_score,-6.271350111112927e-05
daily_refit,2025-09-11,mentions_momentum,-1.899407908603429e-06
daily_refit,2025-09-11,mentions_rank,0.002519035190084473
daily_refit,2025-09-12,intercept,0.00024235876942838299
daily_refit,2025-09-12,mentions,-1.1255797068593934e-05
daily_refit,2025-09-12,z_score,-5.999553342310119e-05
daily_refit,2025-09-12,mentions_momentum,-1.8683193324956894e-06
daily_refit,2025-09-12,mentions_rank,0.002561284953207888
daily_refit,2025-09-15,intercept,0.00023722211083368382
daily_refit,2025-09-15,mentions,-1.1288364176760313e-05
daily_refit,2025-09-15,z_score,-5.9651377860785205e-05
daily_refit,2025-09-15,mentions_momentum,-1.8775197158247868e-06
daily_refit,2025-09-15,mentions_rank,0.0025747869404903205
daily_refit,2025-09-16,intercept,0.00023630154678713753
daily_refit,2025-09-16,mentions,-1.1266872283342166e-05
daily_refit,2025-09-16,z_score,-6.009726350637349e-05
daily_refit,2025-09-16,mentions_momentum,-1.8784634516026199e-06
daily_refit,2025-09-16,mentions_rank,0.002565385281368763
daily_refit,2025-09-17,intercept,0.0002381066693942511
daily_refit,2025-09-17,mentions,-1.1288046632951316e-05
daily_refit,2025-09-17,z_score,-6.0164776684577576e-05
daily_refit,2025-09-17,mentions_momentum,-1.878770998183701e-06
daily_refit,2025-09-17,mentions_rank,0.0025747518101249755
daily_refit,2025-09-18,intercept,0.0002450884153920647
daily_refit,2025-09-18,mentions,-1.1287443976020392e-05
daily_refit,2025-09-18,z_score,-6.0237681132476186e-05
daily_refit,2025-09-18,mentions_momentum,-1.8767874120317286e-06
daily_refit,2025-09-18,mentions_rank,0.002565098881159511
daily_refit,2025-09-19,intercept,0.00023494476234209598
daily_refit,2025-09-19,mentions,-1.1338973281698337e-05
daily_refit,2025-09-19,z_score,-6.0382106066082524e-05
daily_refit,2025-09-19,mentions_momentum,-1.8647391197812816e-06
daily_refit,2025-09-19,mentions_rank,0.0025918685213067714
daily_refit,2025-09-22,intercept,0.00023967849906063993
daily_refit,2025-09-22,mentions,-1.1404480665902115e-05
daily_refit,2025-09-22,z_score,-5.5468372008863335e-05
daily_refit,2025-09-22,mentions_momentum,-1.890502283529603e-06
daily_refit,2025-09-22,mentions_rank,0.0025940171140128093
daily_refit,2025-09-23,intercept,0.00023986806804327386
daily_refit,2025-09-23,mentions,-1.1380172050983028e-05
daily_refit,2025-09-23,z_score,-5.717772782629084e-05
daily_refit,2025-09-23,mentions_momentum,-1.8837365814589704e-06
daily_refit,2025-09-23,mentions_rank,0.0025842505790894398
daily_refit,2025-09-24,intercept,0.00023228445719468231
daily_refit,2025-09-24,mentions,-1.1378213333211406e-05
daily_refit,2025-09-24,z_score,-5.827490802548847e-05
daily_refit,2025-09-24,mentions_momentum,-1.8906292847461605e-06
daily_refit,2025-09-24,mentions_rank,0.0025737859088686707
daily_refit,2025-09-25,intercept,0.00023074612014005542
daily_refit,2025-09-25,mentions,-1.1401975739414066e-05
daily_refit,2025-09-25,z_score,-5.8194139998791476e-05
daily_refit,2025-09-25,mentions_momentum,-1.8639363856183358e-06
daily_refit,2025-09-25,mentions_rank,0.002587236808733381
daily_refit,2025-09-26,intercept,0.0002451601430071579
daily_refit,2025-09-26,mentions,-1.1333082589510515e-05
daily_refit,2025-09-26,z_score,-5.794647501654524e-05
daily_refit,2025-09-26,mentions_momentum,-1.9263611261546027e-06
daily_refit,2025-09-26,mentions_rank,0.0025554738053668756
daily_refit,2025-09-29,intercept,0.00024146501226580651
daily_refit,2025-09-29,mentions,-1.1381462027678328e-05
daily_refit,2025-09-29,z_score,-5.801777912411984e-05
daily_refit,2025-09-29,mentions_momentum,-1.8811195361343545e-06
daily_refit,2025-09-29,mentions_rank,0.002565658754709975
daily_refit,2025-09-30,intercept,0.0002428478773533082
daily_refit,2025-09-30,mentions,-1.138064904969061e-05
daily_refit,2025-09-30,z_score,-5.7740047180703523e-05
daily_refit,2025-09-30,mentions_momentum,-1.8766155789525056e-06
daily_refit,2025-09-30,mentions_rank,0.002563308591012711
daily_refit,2025-10-01,intercept,0.0002447980172724154
daily_refit,2025-10-01,mentions,-1.1444868948580727e-05
daily_refit,2025-10-01,z_score,-5.851294274348396e-05
daily_refit,2025-10-01,mentions_momentum,-1.8344618851471058e-06
daily_refit,2025-10-01,mentions_rank,0.0025943566884960825
daily_refit,2025-10-02,intercept,0.00024904388762297556
daily_refit,2025-10-02,mentions,-1.146765040483641e-05
daily_refit,2025-10-02,z_score,-5.908298618471251e-05
daily_refit,2025-10-02,mentions_momentum,-1.8273431660502694e-06
daily_refit,2025-10-02,mentions_rank,0.002591122038026614
daily_refit,2025-10-03,intercept,0.0002529671315351926
daily_refit,2025-10-03,mentions,-1.1543765931478135e-05
daily_refit,2025-10-03,z_score,-5.9021884336364394e-05
daily_refit,2025-10-03,mentions_momentum,-1.8163183145143964e-06
daily_refit,2025-10-03,mentions_rank,0.0026106485372692978
daily_refit,2025-10-06,intercept,0.00025019716652010333
daily_refit,2025-10-06,mentions,-1.1542154309907563e-05
daily_refit,2025-10-06,z_score,-5.921929034919984e-05
daily_refit,2025-10-06,mentions_momentum,-1.8212001574044492e-06
daily_refit,2025-10-06,mentions_rank,0.0026141329512204175
daily_refit,2025-10-07,intercept,0.00024308716998888686
daily_refit,2025-10-07,mentions,-1.1596782114339807e-05
daily_refit,2025-10-07,z_score,-5.874972148782151e-05
daily_refit,2025-10-07,mentions_momentum,-1.8203374630534823e-06
daily_refit,2025-10-07,mentions_rank,0.0026266591015828037
daily_refit,2025-10-08,intercept,0.00024520573782114556
daily_refit,2025-10-08,mentions,-1.1539055454753812e-05
daily_refit,2025-10-08,z_score,-5.8600258970727534e-05
daily_refit,2025-10-08,mentions_momentum,-1.92039339393349e-06
daily_refit,2025-10-08,mentions_rank,0.0026451983616888513
daily_refit,2025-10-09,intercept,0.00023427115570634778
daily_refit,2025-10-09,mentions,-1.1603938004737824e-05
daily_refit,2025-10-09,z_score,-5.893457041570189e-05
daily_refit,2025-10-09,mentions_momentum,-1.9047646939160935e-06
daily_refit,2025-10-09,mentions_rank,0.0026737669720783724
daily_refit,2025-10-10,intercept,0.00021566049380104758
daily_refit,2025-10-10,mentions,-1.162862317112556e-05
daily_refit,2025-10-10,z_score,-5.8871231675996535e-05
daily_refit,2025-10-10,mentions_momentum,-1.8287266361561668e-06
daily_refit,2025-10-10,mentions_rank,0.0026621330532875295
daily_refit,2025-10-13,intercept,0.00021115505675964118
daily_refit,2025-10-13,mentions,-1.1571435516419167e-05
daily_refit,2025-10-13,z_score,-5.899980600992896e-05
daily_refit,2025-10-13,mentions_momentum,-1.8458644799951265e-06
daily_refit,2025-10-13,mentions_rank,0.002645491583677591
daily_refit,2025-10-14,intercept,0.000236357282779295
daily_refit,2025-10-14,mentions,-1.1527341645122715e-05
daily_refit,2025-10-14,z_score,-5.830501755537131e-05
daily_refit,2025-10-14,mentions_momentum,-1.8742105916756335e-06
daily_refit,2025-10-14,mentions_rank,0.0026144328941620286
daily_refit,2025-10-15,intercept,0.00023584482334209096
daily_refit,2025-10-15,mentions,-1.1584108648415395e-05
daily_refit,2025-10-15,z_score,-5.359859186490664e-05
daily_refit,2025-10-15,mentions_momentum,-1.9119229092927916e-06
daily_refit,2025-10-15,mentions_rank,0.0026168805309316895
daily_refit,2025-10-16,intercept,0.00022199520949430505
daily_refit,2025-10-16,mentions,-1.152483016195988e-05
daily_refit,2025-10-16,z_score,-5.478152059242304e-05
daily_refit,2025-10-16,mentions_momentum,-1.915546803040784e-06
daily_refit,2025-10-16,mentions_rank,0.002606333061945478
daily_refit,2025-10-17,intercept,0.00023251479413514115
daily_refit,2025-10-17,mentions,-1.1579227227346428e-05
daily_refit,2025-10-17,z_score,-5.461668535863051e-05
daily_refit,2025-10-17,mentions_momentum,-1.8804498668101547e-06
daily_refit,2025-10-17,mentions_rank,0.002623300313889998
daily_refit,2025-10-20,intercept,0.0002356468694825458
daily_refit,2025-10-20,mentions,-1.1615868554177083e-05
daily_refit,2025-10-20,z_score,-5.516878576067414e-05
daily_refit,2025-10-20,mentions_momentum,-1.8563595241748245e-06
daily_refit,2025-10-20,mentions_rank,0.0026369777779651046
daily_refit,2025-10-21,intercept,0.00024272684880871038
daily_refit,2025-10-21,mentions,-1.155447196007129e-05
daily_refit,2025-10-21,z_score,-5.596945257783343e-05
daily_refit,2025-10-21,mentions_momentum,-1.864591609409506e-06
daily_refit,2025-10-21,mentions_rank,0.002609746743202637
daily_refit,2025-10-22,intercept,0.00023960158896050836
daily_refit,2025-10-22,mentions,-1.1532477397397896e-05
daily_refit,2025-10-22,z_score,-5.5961550561538595e-05
daily_refit,2025-10-22,mentions_momentum,-1.8933071852082884e-06
daily_refit,2025-10-22,mentions_rank,0.002592558766906135
daily_refit,2025-10-23,intercept,0.000250002203369614
daily_refit,2025-10-23,mentions,-1.147815719019333e-05
daily_refit,2025-10-23,z_score,-5.575113999230581e-05
daily_refit,2025-10-23,mentions_momentum,-1.7604469800224037e-06
daily_refit,2025-10-23,mentions_rank,0.002612150028472094
daily_refit,2025-10-24,intercept,0.0002491231242975747
daily_refit,2025-10-24,mentions,-1.1572138636812808e-05
daily_refit,2025-10-24,z_score,-5.7055733431019166e-05
daily_refit,2025-10-24,mentions_momentum,-1.7308143689344773e-06
daily_refit,2025-10-24,mentions_rank,0.002635515457352677
daily_refit,2025-10-27,intercept,0.00024408374092085486
daily_refit,2025-10-27,mentions,-1.1595456075065599e-05
daily_refit,2025-10-27,z_score,-5.8080777892486035e-05
daily_refit,2025-10-27,mentions_momentum,-1.75338210881776e-06
daily_refit,2025-10-27,mentions_rank,0.002665167417436881
daily_refit,2025-10-28,intercept,0.00022936787455969182
daily_refit,2025-10-28,mentions,-1.1686614847176275e-05
daily_refit,2025-10-28,z_score,-5.814389361653211e-05
daily_refit,2025-10-28,mentions_momentum,-1.7612114894584096e-06
daily_refit,2025-10-28,mentions_rank,0.0027061369529145125
daily_refit,2025-10-29,intercept,0.0002160851274035591
daily_refit,2025-10-29,mentions,-1.1697952894500508e-05
daily_refit,2025-10-29,z_score,-5.751747866999735e-05
daily_refit,2025-10-29,mentions_momentum,-1.7616817318724987e-06
daily_refit,2025-10-29,mentions_rank,0.0027031540642779616
daily_refit,2025-10-30,intercept,0.00021178477333632037
daily_refit,2025-10-30,mentions,-1.1659356122074014e-05
daily_refit,2025-10-30,z_score,-6.158536154749312e-05
daily_refit,2025-10-30,mentions_momentum,-1.6922792848212968e-06
daily_refit,2025-10-30,mentions_rank,0.002728054359851391
daily_refit,2025-10-31,intercept,0.00021448778360870635
daily_refit,2025-10-31,mentions,-1.1751836567530367e-05
daily_refit,2025-10-31,z_score,-6.197349527677803e-05
daily_refit,2025-10-31,mentions_momentum,-1.4745122523087145e-06
daily_refit,2025-10-31,mentions_rank,0.0027301861155873074
daily_refit,2025-11-03,intercept,0.00020651428871850734
daily_refit,2025-11-03,mentions,-1.1859232331905975e-05
daily_refit,2025-11-03,z_score,-6.295087911917069e-05
daily_refit,2025-11-03,mentions_momentum,-1.2649477458522132e-06
daily_refit,2025-11-03,mentions_rank,0.0027084144161564554
daily_refit,2025-11-04,intercept,0.000207460684949939
daily_refit,2025-11-04,mentions,-1.1869022183987412e-05
daily_refit,2025-11-04,z_score,-6.087717489701837e-05
daily_refit,2025-11-04,mentions_momentum,-1.318457563307948e-06
daily_refit,2025-11-04,mentions_rank,0.0026936583072998967
daily_refit,2025-11-05,intercept,0.0002162722608457641
daily_refit,2025-11-05,mentions,-1.1786635070571081e-05
daily_refit,2025-11-05,z_score,-5.808621616399582e-05
daily_refit,2025-11-05,mentions_momentum,-1.2961100414803702e-06
daily_refit,2025-11-05,mentions_rank,0.002668980240203466
daily_refit,2025-11-06,intercept,0.00020895213010593757
daily_refit,2025-11-06,mentions,-1.2040446627297388e-05
daily_refit,2025-11-06,z_score,-5.9687431454501066e-05
daily_refit,2025-11-06,mentions_momentum,-9.504584049998779e-07
daily_refit,2025-11-06,mentions_rank,0.0026364593387244893
daily_refit,2025-11-07,intercept,0.00022676547027903677
daily_refit,2025-11-07,mentions,-1.1910898392636081e-05
daily_refit,2025-11-07,z_score,-5.641319195819008e-05
daily_refit,2025-11-07,mentions_momentum,-1.1100425045142206e-06
daily_refit,2025-11-07,mentions_rank,0.0026229720861140897
daily_refit,2025-11-10,intercept,0.00022934140872287587
daily_refit,2025-11-10,mentions,-1.1922563250342741e-05
daily_refit,2025-11-10,z_score,-5.575088594732349e-05
daily_refit,2025-11-10,mentions_momentum,-1.1081873881502599e-06
daily_refit,2025-11-10,mentions_rank,0.002621344485235231
daily_refit,2025-11-11,intercept,0.00023498939260339905
daily_refit,2025-11-11,mentions,-1.1963234370187666e-05
daily_refit,2025-11-11,z_score,-5.516634918441472e-05
daily_refit,2025-11-11,mentions_momentum,-1.1019385418348754e-06
daily_refit,2025-11-11,mentions_rank,0.0026267906533439644
daily_refit,2025-11-12,intercept,0.0002334269945756143
daily_refit,2025-11-12,mentions,-1.1969963528186769e-05
daily_refit,2025-11-12,z_score,-5.467740160333951e-05
daily_refit,2025-11-12,mentions_momentum,-1.1116783605262164e-06
daily_refit,2025-11-12,mentions_rank,0.0026095819245904577
daily_refit,2025-11-13,intercept,0.0002201368066826217
daily_refit,2025-11-13,mentions,-1.1905540967346238e-05
daily_refit,2025-11-13,z_score,-5.535628615179147e-05
daily_refit,2025-11-13,mentions_momentum,-1.122950602031652e-06
daily_refit,2025-11-13,mentions_rank,0.002563794975133179
daily_refit,2025-11-14,intercept,0.00021938355060583848
daily_refit,2025-11-14,mentions,-1.192435458265652e-05
daily_refit,2025-11-14,z_score,-5.502326855101349e-05
daily_refit,2025-11-14,mentions_momentum,-1.1076221543619258e-06
daily_refit,2025-11-14,mentions_rank,0.0025904163270989563
daily_refit,2025-11-17,intercept,0.0002020717315687582
daily_refit,2025-11-17,mentions,-1.194495918330782e-05
daily_refit,2025-11-17,z_score,-5.5119524621335284e-05
daily_refit,2025-11-17,mentions_momentum,-1.0769038380188627e-06
daily_refit,2025-11-17,mentions_rank,0.0025999599864679384
daily_refit,2025-11-18,intercept,0.00020612483332070375
daily_refit,2025-11-18,mentions,-1.1906064739073576e-05
daily_refit,2025-11-18,z_score,-5.4966414513111046e-05
daily_refit,2025-11-18,mentions_momentum,-1.083773717030418e-06
daily_refit,2025-11-18,mentions_rank,0.002583794356094141
daily_refit,2025-11-19,intercept,0.00021295899782184036
daily_refit,2025-11-19,mentions,-1.1676351819837194e-05
daily_refit,2025-11-19,z_score,-5.5288848275831566e-05
daily_refit,2025-11-19,mentions_momentum,-1.1350434906581043e-06
daily_refit,2025-11-19,mentions_rank,0.002582531146530265
daily_refit,2025-11-20,intercept,0.00019338066819529764
daily_refit,2025-11-20,mentions,-1.219407047337594e-05
daily_refit,2025-11-20,z_score,-5.4086505170792476e-05
daily_refit,2025-11-20,mentions_momentum,-1.1963045394835069e-06
daily_refit,2025-11-20,mentions_rank,0.002595827709346922
daily_refit,2025-11-21,intercept,0.00021446143221250677
daily_refit,2025-11-21,mentions,-1.2102938857340437e-05
daily_refit,2025-11-21,z_score,-5.372090758799139e-05
daily_refit,2025-11-21,mentions_momentum,-1.1842031346828995e-06
daily_refit,2025-11-21,mentions_rank,0.0025591949549548815
daily_refit,2025-11-24,intercept,0.0002199986097920924
daily_refit,2025-11-24,mentions,-1.2067206713911387e-05
daily_refit,2025-11-24,z_score,-5.3357806938533663e-05
daily_refit,2025-11-24,mentions_momentum,-1.1729241607659575e-06
daily_refit,2025-11-24,mentions_rank,0.002558899415842656
daily_refit,2025-11-25,intercept,0.0002335379867308868
daily_refit,2025-11-25,mentions,-1.1988460788974015e-05
daily_refit,2025-11-25,z_score,-5.406298364884811e-05
daily_refit,2025-11-25,mentions_momentum,-1.0996796263291613e-06
daily_refit,2025-11-25,mentions_rank,0.0025581015607049297
daily_refit,2025-11-26,intercept,0.0002406441102308188
daily_refit,2025-11-26,mentions,-1.201909326804698e-05
daily_refit,2025-11-26,z_score,-5.416130395828153e-05
daily_refit,2025-11-26,mentions_momentum,-1.0947788783254063e-06
daily_refit,2025-11-26,mentions_rank,0.002561738354381535
daily_refit,2025-11-28,intercept,0.000237337362343232
daily_refit,2025-11-28,mentions,-1.2022205667555917e-05
daily_refit,2025-11-28,z_score,-5.354759813770953e-05
daily_refit,2025-11-28,mentions_momentum,-1.1034473799927642e-06
daily_refit,2025-11-28,mentions_rank,0.002559819225718988
daily_refit,2025-12-01,intercept,0.00023900566926529987
daily_refit,2025-12-01,mentions,-1.2053700843888703e-05
daily_refit,2025-12-01,z_score,-5.3788762907908844e-05
daily_refit,2025-12-01,mentions_momentum,-1.064682434645656e-06
daily_refit,2025-12-01,mentions_rank,0.002574173638885831
daily_refit,2025-12-02,intercept,0.00023582863972968775
daily_refit,2025-12-02,mentions,-1.2059570248342037e-05
daily_refit,2025-12-02,z_score,-5.390470893985287e-05
daily_refit,2025-12-02,mentions_momentum,-1.057378160424937e-06
daily_refit,2025-12-02,mentions_rank,0.002577888508701319
daily_refit,2025-12-03,intercept,0.00024097170751519466
daily_refit,2025-12-03,mentions,-1.2092712554792506e-05
daily_refit,2025-12-03,z_score,-5.4401643672783086e-05
daily_refit,2025-12-03,mentions_momentum,-1.036860373913661e-06
daily_refit,2025-12-03,mentions_rank,0.002587905799200716
daily_refit,2025-12-04,intercept,0.00024308981490903938
daily_refit,2025-12-04,mentions,-1.2073085627346757e-05
daily_refit,2025-12-04,z_score,-5.3880366823423076e-05
daily_refit,2025-12-04,mentions_momentum,-1.0546139497065552e-06
daily_refit,2025-12-04,mentions_rank,0.002577670263393488
daily_refit,2025-12-05,intercept,0.00024422932059601767
daily_refit,2025-12-05,mentions,-1.2135123690400036e-05
daily_refit,2025-12-05,z_score,-5.2536934046995016e-05
daily_refit,2025-12-05,mentions_momentum,-1.0440783322995818e-06
daily_refit,2025-12-05,mentions_rank,0.0025907549604961026
daily_refit,2025-12-08,intercept,0.0002361301592150517
daily_refit,2025-12-08,mentions,-1.2129983328669188e-05
daily_refit,2025-12-08,z_score,-5.279682256288396e-05
daily_refit,2025-12-08,mentions_momentum,-1.037727079432558e-06
daily_refit,2025-12-08,mentions_rank,0.0025943450249954485
daily_refit,2025-12-09,intercept,0.00023433558558153987
daily_refit,2025-12-09,mentions,-1.216796526740364e-05
daily_refit,2025-12-09,z_score,-5.242632630839627e-05
daily_refit,2025-12-09,mentions_momentum,-1.0263772556271328e-06
daily_refit,2025-12-09,mentions_rank,0.0026067984715938855
daily_refit,2025-12-10,intercept,0.0002500179055032021
daily_refit,2025-12-10,mentions,-1.212959984481445e-05
daily_refit,2025-12-10,z_score,-5.219126235582252e-05
daily_refit,2025-12-10,mentions_momentum,-1.0114145397095602e-06
daily_refit,2025-12-10,mentions_rank,0.0025664978803987756
daily_refit,2025-12-11,intercept,0.0002648162258580462
daily_refit,2025-12-11,mentions,-1.1946612735155688e-05
daily_refit,2025-12-11,z_score,-5.139371472475868e-05
daily_refit,2025-12-11,mentions_momentum,-9.779799279690226e-07
daily_refit,2025-12-11,mentions_rank,0.002524234623681357
daily_refit,2025-12-12,intercept,0.0002587807413436329
daily_refit,2025-12-12,mentions,-1.2152757618777001e-05
daily_refit,2025-12-12,z_score,-5.189653335510277e-05
daily_refit,2025-12-12,mentions_momentum,-8.235923561603095e-07
daily_refit,2025-12-12,mentions_rank,0.0025330643676520098
daily_refit,2025-12-15,intercept,0.0002560647009677685
daily_refit,2025-12-15,mentions,-1.2209648569295184e-05
daily_refit,2025-12-15,z_score,-5.142463113192953e-05
daily_refit,2025-12-15,mentions_momentum,-6.563636192933757e-07
daily_refit,2025-12-15,mentions_rank,0.002514755217821196
daily_refit,2025-12-16,intercept,0.000245510243013901
daily_refit,2025-12-16,mentions,-1.2278176764128135e-05
daily_refit,2025-12-16,z_score,-5.159098118728765e-05
daily_refit,2025-12-16,mentions_momentum,-6.111437518360299e-07
daily_refit,2025-12-16,mentions_rank,0.0025530823339781094
daily_refit,2025-12-17,intercept,0.0002491448794965267
daily_refit,2025-12-17,mentions,-1.230368915844813e-05
daily_refit,2025-12-17,z_score,-5.117837991501627e-05
daily_refit,2025-12-17,mentions_momentum,-6.04079043395039e-07
daily_refit,2025-12-17,mentions_rank,0.0025436454265548992
daily_refit,2025-12-18,intercept,0.00024436154953430355
daily_refit,2025-12-18,mentions,-1.2285926145578883e-05
daily_refit,2025-12-18,z_score,-5.162428592355687e-05
daily_refit,2025-12-18,mentions_momentum,-6.546976945559602e-07
daily_refit,2025-12-18,mentions_rank,0.0025472927743471043
daily_refit,2025-12-19,intercept,0.00024956019865460526
daily_refit,2025-12-19,mentions,-1.2205457131282137e-05
daily_refit,2025-12-19,z_score,-5.17955017458635e-05
daily_refit,2025-12-19,mentions_momentum,-8.508479596470491e-07
daily_refit,2025-12-19,mentions_rank,0.002564887497430186
daily_refit,2025-12-22,intercept,0.00025491452028651723
daily_refit,2025-12-22,mentions,-1.2163018746736882e-05
daily_refit,2025-12-22,z_score,-5.167905992728143e-05
daily_refit,2025-12-22,mentions_momentum,-8.46266277196852e-07
daily_refit,2025-12-22,mentions_rank,0.002540875306627524
daily_refit,2025-12-23,intercept,0.00025246793611467783
daily_refit,2025-12-23,mentions,-1.2179084929030666e-05
daily_refit,2025-12-23,z_score,-5.174716030044399e-05
daily_refit,2025-12-23,mentions_momentum,-8.420588964677803e-07
daily_refit,2025-12-23,mentions_rank,0.002550279898258004
daily_refit,2025-12-24,intercept,0.00025472740419977316
daily_refit,2025-12-24,mentions,-1.2224537508811017e-05
daily_refit,2025-12-24,z_score,-5.194909275440089e-05
daily_refit,2025-12-24,mentions_momentum,-8.191695700448494e-07
daily_refit,2025-12-24,mentions_rank,0.0025605371616212974
daily_refit,2025-12-26,intercept,0.000254670335003558
daily_refit,2025-12-26,mentions,-1.2156441256806237e-05
daily_refit,2025-12-26,z_score,-5.161516540343337e-05
daily_refit,2025-12-26,mentions_momentum,-8.620691014060637e-07
daily_refit,2025-12-26,mentions_rank,0.0025387066278759686
daily_refit,2025-12-29,intercept,0.000252991877801888
daily_refit,2025-12-29,mentions,-1.2152766422343221e-05
daily_refit,2025-12-29,z_score,-5.134043212875634e-05
daily_refit,2025-12-29,mentions_momentum,-8.75993462935148e-07
daily_refit,2025-12-29,mentions_rank,0.002539783687461272
daily_refit,2025-12-30,intercept,0.0002506356238555061
daily_refit,2025-12-30,mentions,-1.2136695999897046e-05
daily_refit,2025-12-30,z_score,-5.174071811826449e-05
daily_refit,2025-12-30,mentions_momentum,-8.762638613813887e-07
daily_refit,2025-12-30,mentions_rank,0.002537860955456282
daily_refit,2025-12-31,intercept,0.00024411480876246474
daily_refit,2025-12-31,mentions,-1.2137696576544502e-05
daily_refit,2025-12-31,z_score,-5.156268302169714e-05
daily_refit,2025-12-31,mentions_momentum,-8.831921858840061e-07
daily_refit,2025-12-31,mentions_rank,0.002545604658508503
daily_refit,2026-01-02,intercept,0.0002500685254581987
daily_refit,2026-01-02,mentions,-1.216461418890022e-05
daily_refit,2026-01-02,z_score,-5.158590509217016e-05
daily_refit,2026-01-02,mentions_momentum,-8.664459925745057e-07
daily_refit,2026-01-02,mentions_rank,0.002544932924188326
daily_refit,2026-01-05,intercept,0.0002580220393900648
daily_refit,2026-01-05,mentions,-1.2129809554389134e-05
daily_refit,2026-01-05,z_score,-5.127236271742397e-05
daily_refit,2026-01-05,mentions_momentum,-8.862024338511018e-07
daily_refit,2026-01-05,mentions_rank,0.002525834148851645
daily_refit,2026-01-06,intercept,0.00027309870759444093
daily_refit,2026-01-06,mentions,-1.2123339384560974e-05
daily_refit,2026-01-06,z_score,-5.0374348681883445e-05
daily_refit,2026-01-06,mentions_momentum,-8.966237788961895e-07
daily_refit,2026-01-06,mentions_rank,0.0025016737640180787
daily_refit,2026-01-07,intercept,0.0002562733736745537
daily_refit,2026-01-07,mentions,-1.2225821281948088e-05
daily_refit,2026-01-07,z_score,-4.7228203642010965e-05
daily_refit,2026-01-07,mentions_momentum,-8.89180427960141e-07
daily_refit,2026-01-07,mentions_rank,0.0025387343277374834
daily_refit,2026-01-08,intercept,0.00027252923728008396
daily_refit,2026-01-08,mentions,-1.2189200726218499e-05
daily_refit,2026-01-08,z_score,-4.74008154440093e-05
daily_refit,2026-01-08,mentions_momentum,-8.697424063813986e-07
daily_refit,2026-01-08,mentions_rank,0.002502955758041979
daily_refit,2026-01-09,intercept,0.00027045037557603066
daily_refit,2026-01-09,mentions,-1.2214167779269226e-05
daily_refit,2026-01-09,z_score,-4.697346211293615e-05
daily_refit,2026-01-09,mentions_momentum,-8.710597199383604e-07
daily_refit,2026-01-09,mentions_rank,0.002513597342095214
daily_refit,2026-01-12,intercept,0.0002738344958647641
daily_refit,2026-01-12,mentions,-1.2298043749519534e-05
daily_refit,2026-01-12,z_score,-4.665083023984155e-05
daily_refit,2026-01-12,mentions_momentum,-8.383778681682195e-07
daily_refit,2026-01-12,mentions_rank,0.002536740218692316
daily_refit,2026-01-13,intercept,0.0002705982721629567
daily_refit,2026-01-13,mentions,-1.2313117363708842e-05
daily_refit,2026-01-13,z_score,-4.654034687158939e-05
daily_refit,2026-01-13,mentions_momentum,-8.374586776372773e-07
daily_refit,2026-01-13,mentions_rank,0.002540295991253824
daily_refit,2026-01-14,intercept,0.00027992878518453694
daily_refit,2026-01-14,mentions,-1.2304324310188482e-05
daily_refit,2026-01-14,z_score,-4.6395882977751515e-05
daily_refit,2026-01-14,mentions_momentum,-8.368369132699684e-07
daily_refit,2026-01-14,mentions_rank,0.0025268995146703406
daily_refit,2026-01-15,intercept,0.00027957068570484233
daily_refit,2026-01-15,mentions,-1.2294398068289622e-05
daily_refit,2026-01-15,z_score,-4.5992503437316835e-05
daily_refit,2026-01-15,mentions_momentum,-8.430648679533631e-07
daily_refit,2026-01-15,mentions_rank,0.002522898464023398
daily_refit,2026-01-16,intercept,0.00026662762206357396
daily_refit,2026-01-16,mentions,-1.225446981201955e-05
daily_refit,2026-01-16,z_score,-4.580166880880523e-05
daily_refit,2026-01-16,mentions_momentum,-8.57479745466799e-07
daily_refit,2026-01-16,mentions_rank,0.002510640777133813
daily_refit,2026-01-20,intercept,0.00026861464994810773
daily_refit,2026-01-20,mentions,-1.2281983979009993e-05
daily_refit,2026-01-20,z_score,-4.432157956102342e-05
daily_refit,2026-01-20,mentions_momentum,-8.768794193487938e-07
daily_refit,2026-01-20,mentions_rank,0.002508202906314509
daily_refit,2026-01-21,intercept,0.00028186211764023915
daily_refit,2026-01-21,mentions,-1.2243583825749746e-05
daily_refit,2026-01-21,z_score,-4.418620929176617e-05
daily_refit,2026-01-21,mentions_momentum,-8.484755776404351e-07
daily_refit,2026-01-21,mentions_rank,0.002518899093886087
daily_refit,2026-01-22,intercept,0.00027695917229359
daily_refit,2026-01-22,mentions,-1.2312325818084454e-05
daily_refit,2026-01-22,z_score,-4.4106400983391545e-05
daily_refit,2026-01-22,mentions_momentum,-8.211175115507319e-07
daily_refit,2026-01-22,mentions_rank,0.0025218015358444697
daily_refit,2026-01-23,intercept,0.00027540580545915586
daily_refit,2026-01-23,mentions,-1.2457176697390965e-05
daily_refit,2026-01-23,z_score,-4.451210704258564e-05
daily_refit,2026-01-23,mentions_momentum,-8.331261443901608e-07
daily_refit,2026-01-23,mentions_rank,0.0025325613782007507
daily_refit,2026-01-26,intercept,0.0002742493556073369
daily_refit,2026-01-26,mentions,-1.247534020729287e-05
daily_refit,2026-01-26,z_score,-4.488934506392573e-05
daily_refit,2026-01-26,mentions_momentum,-7.967988812747847e-07
daily_refit,2026-01-26,mentions_rank,0.002536875086648066
daily_refit,2026-01-27,intercept,0.00027255773396416493
daily_refit,2026-01-27,mentions,-1.2530196948984862e-05
daily_refit,2026-01-27,z_score,-4.50460068116511e-05
daily_refit,2026-01-27,mentions_momentum,-8.214302616377977e-07
daily_refit,2026-01-27,mentions_rank,0.0025523040158730325
daily_refit,2026-01-28,intercept,0.00027108086386215394
daily_refit,2026-01-28,mentions,-1.260528976570147e-05
daily_refit,2026-01-28,z_score,-3.280354202272883e-05
daily_refit,2026-01-28,mentions_momentum,-9.301260129084269e-07
daily_refit,2026-01-28,mentions_rank,0.002562602503409044
daily_refit,2026-01-29,intercept,0.0002621987799104734
daily_refit,2026-01-29,mentions,-1.2691167505099802e-05
daily_refit,2026-01-29,z_score,-3.186077599871423e-05
daily_refit,2026-01-29,mentions_momentum,-9.51139773376672e-07
daily_refit,2026-01-29,mentions_rank,0.002586661935360309
daily_refit,2026-01-30,intercept,0.0002602354365802837
daily_refit,2026-01-30,mentions,-1.2912157206407086e-05
daily_refit,2026-01-30,z_score,-4.492932708478188e-05
daily_refit,2026-01-30,mentions_momentum,-6.976266747108568e-07
daily_refit,2026-01-30,mentions_rank,0.0025858035212673993
daily_refit,2026-02-02,intercept,0.00026424514422599625
daily_refit,2026-02-02,mentions,-1.2546705381792593e-05
daily_refit,2026-02-02,z_score,-4.29572586382396e-05
daily_refit,2026-02-02,mentions_momentum,-1.3346600825652648e-06
daily_refit,2026-02-02,mentions_rank,0.0025901831108874184
daily_refit,2026-02-03,intercept,0.0002696655744632898
daily_refit,2026-02-03,mentions,-1.2693333163727003e-05
daily_refit,2026-02-03,z_score,-3.5608598540711753e-05
daily_refit,2026-02-03,mentions_momentum,-1.4357239241868708e-06
daily_refit,2026-02-03,mentions_rank,0.00253566073694372
daily_refit,2026-02-04,intercept,0.00027691749027091225
daily_refit,2026-02-04,mentions,-1.2912783022310512e-05
daily_refit,2026-02-04,z_score,-3.95954561118067e-05
daily_refit,2026-02-04,mentions_momentum,-1.1558615701098682e-06
daily_refit,2026-02-04,mentions_rank,0.0024701884144509847
daily_refit,2026-02-05,intercept,0.00028235033289172515
daily_refit,2026-02-05,mentions,-1.271815618031553e-05
daily_refit,2026-02-05,z_score,-3.278566170767798e-05
daily_refit,2026-02-05,mentions_momentum,-1.0117169185473e-06
daily_refit,2026-02-05,mentions_rank,0.0024293692922745663
daily_refit,2026-02-06,intercept,0.00029021772424825604
daily_refit,2026-02-06,mentions,-1.2568806720148412e-05
daily_refit,2026-02-06,z_score,-3.262274765144176e-05
daily_refit,2026-02-06,mentions_momentum,-8.960766666709641e-07
daily_refit,2026-02-06,mentions_rank,0.0024310376418844974
daily_refit,2026-02-09,intercept,0.0002947701289816418
daily_refit,2026-02-09,mentions,-1.2542897706076863e-05
daily_refit,2026-02-09,z_score,-3.2552289634422805e-05
daily_refit,2026-02-09,mentions_momentum,-9.723036911624443e-07
daily_refit,2026-02-09,mentions_rank,0.0024361074744592677
daily_refit,2026-02-10,intercept,0.0003023362187962645
daily_refit,2026-02-10,mentions,-1.253457860986091e-05
daily_refit,2026-02-10,z_score,-3.113219072505182e-05
daily_refit,2026-02-10,mentions_momentum,-9.845215143934726e-07
daily_refit,2026-02-10,mentions_rank,0.002414649777404352
daily_refit,2026-02-11,intercept,0.0003020642839477166
daily_refit,2026-02-11,mentions,-1.2499223684096382e-05
daily_refit,2026-02-11,z_score,-3.148201848807109e-05
daily_refit,2026-02-11,mentions_momentum,-9.748719579121617e-07
daily_refit,2026-02-11,mentions_rank,0.002417562172739403
daily_refit,2026-02-12,intercept,0.000284365452950637
daily_refit,2026-02-12,mentions,-1.2666371284485202e-05
daily_refit,2026-02-12,z_score,-3.292010441293378e-05
daily_refit,2026-02-12,mentions_momentum,-7.600554082391721e-07
daily_refit,2026-02-12,mentions_rank,0.002424816758189183
daily_refit,2026-02-13,intercept,0.00029684926743731287
daily_refit,2026-02-13,mentions,-1.2606023884625161e-05
daily_refit,2026-02-13,z_score,-3.1741606810747686e-05
daily_refit,2026-02-13,mentions_momentum,-7.768954864642231e-07
daily_refit,2026-02-13,mentions_rank,0.002392189940328674
daily_refit,2026-02-17,intercept,0.00029580423200273765
daily_refit,2026-02-17,mentions,-1.2606431999642324e-05
daily_refit,2026-02-17,z_score,-3.2216410911337736e-05
daily_refit,2026-02-17,mentions_momentum,-7.677458589669303e-07
daily_refit,2026-02-17,mentions_rank,0.0023975367040818263
daily_refit,2026-02-18,intercept,0.0002971962544104358
daily_refit,2026-02-18,mentions,-1.2619930828156777e-05
daily_refit,2026-02-18,z_score,-3.226948550023721e-05
daily_refit,2026-02-18,mentions_momentum,-7.553731307235573e-07
daily_refit,2026-02-18,mentions_rank,0.0024005763577752953
daily_refit,2026-02-19,intercept,0.0002963581977531018
daily_refit,2026-02-19,mentions,-1.2610199729857087e-05
daily_refit,2026-02-19,z_score,-3.260691471756585e-05
daily_refit,2026-02-19,mentions_momentum,-8.008127055998441e-07
daily_refit,2026-02-19,mentions_rank,0.0023885287835266494
daily_refit,2026-02-20,intercept,0.0002967622275896029
daily_refit,2026-02-20,mentions,-1.2627265353742939e-05
daily_refit,2026-02-20,z_score,-3.374889636442053e-05
daily_refit,2026-02-20,mentions_momentum,-7.853283612346737e-07
daily_refit,2026-02-20,mentions_rank,0.0024004591604490843
daily_refit,2026-02-23,intercept,0.0002890310072967999
daily_refit,2026-02-23,mentions,-1.258886460362373e-05
daily_refit,2026-02-23,z_score,-3.3116486871846075e-05
daily_refit,2026-02-23,mentions_momentum,-8.162523638875288e-07
daily_refit,2026-02-23,mentions_rank,0.0023896885408445498
daily_refit,2026-02-24,intercept,0.000297049321942466
daily_refit,2026-02-24,mentions,-1.2659517959184022e-05
daily_refit,2026-02-24,z_score,-3.2940981492890346e-05
daily_refit,2026-02-24,mentions_momentum,-7.73501377778986e-07
daily_refit,2026-02-24,mentions_rank,0.002412959217452454
daily_refit,2026-02-25,intercept,0.0002969034836175018
daily_refit,2026-02-25,mentions,-1.2767675629171826e-05
daily_refit,2026-02-25,z_score,-3.1932671677659725e-05
daily_refit,2026-02-25,mentions_momentum,-7.405715288890982e-07
daily_refit,2026-02-25,mentions_rank,0.002447919908095846
daily_refit,2026-02-26,intercept,0.00029186314752044926
daily_refit,2026-02-26,mentions,-1.3125808924747533e-05
daily_refit,2026-02-26,z_score,-3.015614423530364e-05
daily_refit,2026-02-26,mentions_momentum,-8.553899771767864e-07
daily_refit,2026-02-26,mentions_rank,0.0024647327046811622
daily_refit,2026-02-27,intercept,0.00028809888088393186
daily_refit,2026-02-27,mentions,-1.3390914167222789e-05
daily_refit,2026-02-27,z_score,-3.0019853964682204e-05
daily_refit,2026-02-27,mentions_momentum,-4.966439967859424e-07
daily_refit,2026-02-27,mentions_rank,0.0024895794856619217
daily_refit,2026-03-02,intercept,0.00027698550478771124
daily_refit,2026-03-02,mentions,-1.3346645681883601e-05
daily_refit,2026-03-02,z_score,-3.1143659668979255e-05
daily_refit,2026-03-02,mentions_momentum,-5.394859047414342e-07
daily_refit,2026-03-02,mentions_rank,0.0024969563302408666
daily_refit,2026-03-03,intercept,0.000285977722873602
daily_refit,2026-03-03,mentions,-1.3406014649968603e-05
daily_refit,2026-03-03,z_score,-3.1421374964947536e-05
daily_refit,2026-03-03,mentions_momentum,-5.035508242737686e-07
daily_refit,2026-03-03,mentions_rank,0.0025123996316792547
daily_refit,2026-03-04,intercept,0.0002772002138798124
daily_refit,2026-03-04,mentions,-1.3485446694656223e-05
daily_refit,2026-03-04,z_score,-3.147889800635735e-05
daily_refit,2026-03-04,mentions_momentum,-4.6981292066023465e-07
daily_refit,2026-03-04,mentions_rank,0.0025475399821343492
daily_refit,2026-03-05,intercept,0.00026120320986422403
daily_refit,2026-03-05,mentions,-1.3505915072430346e-05
daily_refit,2026-03-05,z_score,-3.1157877025517436e-05
daily_refit,2026-03-05,mentions_momentum,-4.6581941889762154e-07
daily_refit,2026-03-05,mentions_rank,0.0025573846979872797
daily_refit,2026-03-06,intercept,0.00024874364154169845
daily_refit,2026-03-06,mentions,-1.3502539981933415e-05
daily_refit,2026-03-06,z_score,-3.077242172138875e-05
daily_refit,2026-03-06,mentions_momentum,-4.5666697540505196e-07
daily_refit,2026-03-06,mentions_rank,0.002563520030779849
daily_refit,2026-03-09,intercept,0.00025816770715490355
daily_refit,2026-03-09,mentions,-1.3568265018225778e-05
daily_refit,2026-03-09,z_score,-3.012667667258344e-05
daily_refit,2026-03-09,mentions_momentum,-3.8144434487718286e-07
daily_refit,2026-03-09,mentions_rank,0.00258931609970148
daily_refit,2026-03-10,intercept,0.00024738226065460926
daily_refit,2026-03-10,mentions,-1.3604725877460082e-05
daily_refit,2026-03-10,z_score,-3.078838035576242e-05
daily_refit,2026-03-10,mentions_momentum,-3.551013413191314e-07
daily_refit,2026-03-10,mentions_rank,0.002619165420061899
daily_refit,2026-03-11,intercept,0.00023758290844283413
daily_refit,2026-03-11,mentions,-1.3523869117346572e-05
daily_refit,2026-03-11,z_score,-3.047133315005513e-05
daily_refit,2026-03-11,mentions_momentum,-3.9571058487384846e-07
daily_refit,2026-03-11,mentions_rank,0.002603629687035834
daily_refit,2026-03-12,intercept,0.00023570409871374932
daily_refit,2026-03-12,mentions,-1.353693828596932e-05
daily_refit,2026-03-12,z_score,-3.0382257394428625e-05
daily_refit,2026-03-12,mentions_momentum,-3.4985074641589136e-07
daily_refit,2026-03-12,mentions_rank,0.0025994016981718713
daily_refit,2026-03-13,intercept,0.00023666847857972974
daily_refit,2026-03-13,mentions,-1.3527462855055804e-05
daily_refit,2026-03-13,z_score,-3.0508154213346045e-05
daily_refit,2026-03-13,mentions_momentum,-3.5839939035545456e-07
daily_refit,2026-03-13,mentions_rank,0.0025962752288894667
daily_refit,2026-03-16,intercept,0.00024268004691911578
daily_refit,2026-03-16,mentions,-1.35008537286768e-05
daily_refit,2026-03-16,z_score,-3.210895274491134e-05
daily_refit,2026-03-16,mentions_momentum,-3.571750600432335e-07
daily_refit,2026-03-16,mentions_rank,0.0025913327421520985
daily_refit,2026-03-17,intercept,0.00023587221107349913
daily_refit,2026-03-17,mentions,-1.3458303528310212e-05
daily_refit,2026-03-17,z_score,-3.1684380679812824e-05
daily_refit,2026-03-17,mentions_momentum,-3.9460630130845646e-07
daily_refit,2026-03-17,mentions_rank,0.0025871362806917215
daily_refit,2026-03-18,intercept,0.0002216374339177524
daily_refit,2026-03-18,mentions,-1.341151847568869e-05
daily_refit,2026-03-18,z_score,-3.1669677560617053e-05
daily_refit,2026-03-18,mentions_momentum,-4.480005791194298e-07
daily_refit,2026-03-18,mentions_rank,0.0025722585543221715
daily_refit,2026-03-19,intercept,0.00022562743315634827
daily_refit,2026-03-19,mentions,-1.3359666298316656e-05
daily_refit,2026-03-19,z_score,-3.080550124415935e-05
daily_refit,2026-03-19,mentions_momentum,-4.42323659946807e-07
daily_refit,2026-03-19,mentions_rank,0.002573926586585592
daily_refit,2026-03-20,intercept,0.00023011591037701049
daily_refit,2026-03-20,mentions,-1.3377816889170203e-05
daily_refit,2026-03-20,z_score,-3.072489316324874e-05
daily_refit,2026-03-20,mentions_momentum,-4.107501483925726e-07
daily_refit,2026-03-20,mentions_rank,0.0025476657609564595
daily_refit,2026-03-23,intercept,0.00021875170620148585
daily_refit,2026-03-23,mentions,-1.3320015011598235e-05
daily_refit,2026-03-23,z_score,-3.058801631994463e-05
daily_refit,2026-03-23,mentions_momentum,-4.6001904418519516e-07
daily_refit,2026-03-23,mentions_rank,0.002545612679549814
daily_refit,2026-03-24,intercept,0.00023472852790911138
daily_refit,2026-03-24,mentions,-1.3389470611723138e-05
daily_refit,2026-03-24,z_score,-3.007922682182339e-05
daily_refit,2026-03-24,mentions_momentum,-4.558117148767463e-07
daily_refit,2026-03-24,mentions_rank,0.002546607477467054
daily_refit,2026-03-25,intercept,0.00022525651942436443
daily_refit,2026-03-25,mentions,-1.3359708155201883e-05
daily_refit,2026-03-25,z_score,-3.0237726290387575e-05
daily_refit,2026-03-25,mentions_momentum,-4.793397700710119e-07
daily_refit,2026-03-25,mentions_rank,0.0025425150876100594
daily_refit,2026-03-26,intercept,0.00022102302535457533
daily_refit,2026-03-26,mentions,-1.3277653595952617e-05
daily_refit,2026-03-26,z_score,-2.986253205708902e-05
daily_refit,2026-03-26,mentions_momentum,-5.276826743368369e-07
daily_refit,2026-03-26,mentions_rank,0.002505201501553842
daily_refit,2026-03-27,intercept,0.0002192313173475503
daily_refit,2026-03-27,mentions,-1.3286283724171159e-05
daily_refit,2026-03-27,z_score,-2.943197180206333e-05
daily_refit,2026-03-27,mentions_momentum,-5.328289902848011e-07
daily_refit,2026-03-27,mentions_rank,0.002505878464823778
daily_refit,2026-03-30,intercept,0.00021796629048307487
daily_refit,2026-03-30,mentions,-1.3298093966734764e-05
daily_refit,2026-03-30,z_score,-2.915570081144196e-05
daily_refit,2026-03-30,mentions_momentum,-5.06083113614409e-07
daily_refit,2026-03-30,mentions_rank,0.002503569924054063
daily_refit,2026-03-31,intercept,0.000228239105083139
daily_refit,2026-03-31,mentions,-1.3369282133802174e-05
daily_refit,2026-03-31,z_score,-2.9833091179791694e-05
daily_refit,2026-03-31,mentions_momentum,-4.401845787426827e-07
daily_refit,2026-03-31,mentions_rank,0.002538553502523891
daily_refit,2026-04-01,intercept,0.0002199588395959957
daily_refit,2026-04-01,mentions,-1.3325088307862472e-05
daily_refit,2026-04-01,z_score,-2.9620708017878444e-05
daily_refit,2026-04-01,mentions_momentum,-4.772390793875301e-07
daily_refit,2026-04-01,mentions_rank,0.0025203348535045994
daily_refit,2026-04-02,intercept,0.00023027413145940693
daily_refit,2026-04-02,mentions,-1.3327669930201038e-05
daily_refit,2026-04-02,z_score,-2.996686591927786e-05
daily_refit,2026-04-02,mentions_momentum,-4.662815541239782e-07
daily_refit,2026-04-02,mentions_rank,0.0025321499208273298
daily_refit,2026-04-06,intercept,0.00023336895414425264
daily_refit,2026-04-06,mentions,-1.3313376818217037e-05
daily_refit,2026-04-06,z_score,-2.996870871773748e-05
daily_refit,2026-04-06,mentions_momentum,-4.664937858196591e-07
daily_refit,2026-04-06,mentions_rank,0.002523043477048022
daily_refit,2026-04-07,intercept,0.00025188823208021315
daily_refit,2026-04-07,mentions,-1.3372190164212509e-05
daily_refit,2026-04-07,z_score,-3.110895704830442e-05
daily_refit,2026-04-07,mentions_momentum,-4.184941215865604e-07
daily_refit,2026-04-07,mentions_rank,0.002542855362938965
daily_refit,2026-04-10,intercept,0.00022602143223921387
daily_refit,2026-04-10,mentions,-1.4089983912021512e-05
daily_refit,2026-04-10,z_score,-3.3202788785783053e-05
daily_refit,2026-04-10,mentions_momentum,-1.1665225899198327e-07
daily_refit,2026-04-10,mentions_rank,0.0027490430860529864
daily_refit,2026-04-13,intercept,0.00023666439878661846
daily_refit,2026-04-13,mentions,-1.4273133287750659e-05
daily_refit,2026-04-13,z_score,-3.400760490768543e-05
daily_refit,2026-04-13,mentions_momentum,-9.64287549259048e-08
daily_refit,2026-04-13,mentions_rank,0.00280143144016546
daily_refit,2026-04-14,intercept,0.00023762245567399745
daily_refit,2026-04-14,mentions,-1.434811634471036e-05
daily_refit,2026-04-14,z_score,-3.4757637118392657e-05
daily_refit,2026-04-14,mentions_momentum,-4.99068134444657e-08
daily_refit,2026-04-14,mentions_rank,0.0028272221227416674
daily_refit,2026-04-15,intercept,0.00023646964588978087
daily_refit,2026-04-15,mentions,-1.4404459747315026e-05
daily_refit,2026-04-15,z_score,-3.5382758923448446e-05
daily_refit,2026-04-15,mentions_momentum,2.6214155042074514e-08
daily_refit,2026-04-15,mentions_rank,0.002859516909730361
daily_refit,2026-04-16,intercept,0.00024424821551951307
daily_refit,2026-04-16,mentions,-1.4370147560227939e-05
daily_refit,2026-04-16,z_score,-3.544864915211534e-05
daily_refit,2026-04-16,mentions_momentum,1.2180298227762676e-08
daily_refit,2026-04-16,mentions_rank,0.002853988638978636
daily_refit,2026-04-17,intercept,0.00024897158263160525
daily_refit,2026-04-17,mentions,-1.4336094688804384e-05
daily_refit,2026-04-17,z_score,-3.5602544856509095e-05
daily_refit,2026-04-17,mentions_momentum,1.5038112800421612e-08
daily_refit,2026-04-17,mentions_rank,0.002843649988514135
daily_refit,2026-04-20,intercept,0.00025730598017125253
daily_refit,2026-04-20,mentions,-1.4347989240885188e-05
daily_refit,2026-04-20,z_score,-3.56661396102481e-05
daily_refit,2026-04-20,mentions_momentum,8.783553615754662e-08
daily_refit,2026-04-20,mentions_rank,0.0028247691474747928
daily_refit,2026-04-21,intercept,0.00025489807194110546
daily_refit,2026-04-21,mentions,-1.4342476757047394e-05
daily_refit,2026-04-21,z_score,-3.588952200148251e-05
daily_refit,2026-04-21,mentions_momentum,6.390471583087663e-08
daily_refit,2026-04-21,mentions_rank,0.0028241441968506822
daily_refit,2026-04-22,intercept,0.00024607589428201113
daily_refit,2026-04-22,mentions,-1.4362930390121671e-05
daily_refit,2026-04-22,z_score,-3.674513363563619e-05
daily_refit,2026-04-22,mentions_momentum,5.13548933789077e-08
daily_refit,2026-04-22,mentions_rank,0.0028424823207771808
daily_refit,2026-04-23,intercept,0.0002429864611241717
daily_refit,2026-04-23,mentions,-1.440866626311624e-05
daily_refit,2026-04-23,z_score,-3.611318090025043e-05
daily_refit,2026-04-23,mentions_momentum,1.21904284170251e-07
daily_refit,2026-04-23,mentions_rank,0.0028767770147718804
daily_refit,2026-04-24,intercept,0.00023765650005719201
daily_refit,2026-04-24,mentions,-1.4321304162063253e-05
daily_refit,2026-04-24,z_score,-3.632194975715139e-05
daily_refit,2026-04-24,mentions_momentum,1.819693980789717e-07
daily_refit,2026-04-24,mentions_rank,0.002888451351119563
daily_refit,2026-04-27,intercept,0.00024044507482510753
daily_refit,2026-04-27,mentions,-1.4403323671590741e-05
daily_refit,2026-04-27,z_score,-3.7651842810087985e-05
daily_refit,2026-04-27,mentions_momentum,4.406919388882655e-07
daily_refit,2026-04-27,mentions_rank,0.0028641415469609277
daily_refit,2026-04-28,intercept,0.00023197139084746982
daily_refit,2026-04-28,mentions,-1.4461831815960075e-05
daily_refit,2026-04-28,z_score,-3.744906141567793e-05
daily_refit,2026-04-28,mentions_momentum,4.652299819935576e-07
daily_refit,2026-04-28,mentions_rank,0.0028947586472761007
daily_refit,2026-04-29,intercept,0.00022746289837474395
daily_refit,2026-04-29,mentions,-1.4541159613140815e-05
daily_refit,2026-04-29,z_score,-3.788230440054221e-05
daily_refit,2026-04-29,mentions_momentum,4.6583353044895597e-07
daily_refit,2026-04-29,mentions_rank,0.002927824236209435
daily_refit,2026-04-30,intercept,0.0002490051854006592
daily_refit,2026-04-30,mentions,-1.4318901969253824e-05
daily_refit,2026-04-30,z_score,-3.6856840589545494e-05
daily_refit,2026-04-30,mentions_momentum,3.431274083073053e-07
daily_refit,2026-04-30,mentions_rank,0.0028678734001336397
daily_refit,2026-05-01,intercept,0.00023443915629449777
daily_refit,2026-05-01,mentions,-1.4232647132536748e-05
daily_refit,2026-05-01,z_score,-3.513008173766381e-05
daily_refit,2026-05-01,mentions_momentum,3.6784562809426463e-07
daily_refit,2026-05-01,mentions_rank,0.002919728015087736
daily_refit,2026-05-04,intercept,0.0002323726816798399
daily_refit,2026-05-04,mentions,-1.421900544448195e-05
daily_refit,2026-05-04,z_score,-3.5100271943525735e-05
daily_refit,2026-05-04,mentions_momentum,3.252369818531867e-07
daily_refit,2026-05-04,mentions_rank,0.0029362188341197607
daily_refit,2026-05-05,intercept,0.0002401134801485536
daily_refit,2026-05-05,mentions,-1.4230149473545552e-05
daily_refit,2026-05-05,z_score,-3.535040166417869e-05
daily_refit,2026-05-05,mentions_momentum,2.832413814448204e-07
daily_refit,2026-05-05,mentions_rank,0.0029581295453103185
daily_refit,2026-05-06,intercept,0.00024085211005306562
daily_refit,2026-05-06,mentions,-1.4050582931247031e-05
daily_refit,2026-05-06,z_score,-3.882525943688388e-05
daily_refit,2026-05-06,mentions_momentum,4.2361276225838865e-07
daily_refit,2026-05-06,mentions_rank,0.0029659832343563535
daily_refit,2026-05-07,intercept,0.00023720641830743874
daily_refit,2026-05-07,mentions,-1.3959144144248546e-05
daily_refit,2026-05-07,z_score,-3.803136242165729e-05
daily_refit,2026-05-07,mentions_momentum,2.885220137159995e-07
daily_refit,2026-05-07,mentions_rank,0.0029671831587649235
daily_refit,2026-05-11,intercept,0.00023133831000010663
daily_refit,2026-05-11,mentions,-1.3796463514639609e-05
daily_refit,2026-05-11,z_score,-3.734149239139761e-05
daily_refit,2026-05-11,mentions_momentum,1.0727176854495166e-08
daily_refit,2026-05-11,mentions_rank,0.0029668368214796643
daily_refit,2026-05-12,intercept,0.00022838676656603213
daily_refit,2026-05-12,mentions,-1.3754910030711585e-05
daily_refit,2026-05-12,z_score,-3.555221009322161e-05
daily_refit,2026-05-12,mentions_momentum,3.8013268202364804e-08
daily_refit,2026-05-12,mentions_rank,0.002968754340619795
daily_refit,2026-05-13,intercept,0.00022727860910796814
daily_refit,2026-05-13,mentions,-1.3859198612076225e-05
daily_refit,2026-05-13,z_score,-3.566958635743636e-05
daily_refit,2026-05-13,mentions_momentum,8.377526170428703e-08
daily_refit,2026-05-13,mentions_rank,0.002976385555027083
daily_refit,2026-05-14,intercept,0.00022390773937235302
daily_refit,2026-05-14,mentions,-1.4028154231208204e-05
daily_refit,2026-05-14,z_score,-3.694788769991383e-05
daily_refit,2026-05-14,mentions_momentum,2.3931823842709674e-07
daily_refit,2026-05-14,mentions_rank,0.0029748766558071833
daily_refit,2026-05-15,intercept,0.00021816811238390215
daily_refit,2026-05-15,mentions,-1.3941715199302106e-05
daily_refit,2026-05-15,z_score,-3.663116300191282e-05
daily_refit,2026-05-15,mentions_momentum,1.9195915405439358e-07
daily_refit,2026-05-15,mentions_rank,0.002988144997301568
daily_refit,2026-05-18,intercept,0.00022162100001829797
daily_refit,2026-05-18,mentions,-1.4285754387661744e-05
daily_refit,2026-05-18,z_score,-3.6769700994921804e-05
daily_refit,2026-05-18,mentions_momentum,5.554465784007865e-07
daily_refit,2026-05-18,mentions_rank,0.00298355316721404
daily_refit,2026-05-19,intercept,0.00021879142310859067
daily_refit,2026-05-19,mentions,-1.4164280424872134e-05
daily_refit,2026-05-19,z_score,-3.755572881754124e-05
daily_refit,2026-05-19,mentions_momentum,4.621355423380127e-07
daily_refit,2026-05-19,mentions_rank,0.0029948034621869054
daily_refit,2026-05-20,intercept,0.00022315702603075156
daily_refit,2026-05-20,mentions,-1.4163483743837921e-05
daily_refit,2026-05-20,z_score,-3.744396113628124e-05
daily_refit,2026-05-20,mentions_momentum,4.617498622345686e-07
daily_refit,2026-05-20,mentions_rank,0.0029901165952458454
daily_refit,2026-05-21,intercept,0.0002351636323640663
daily_refit,2026-05-21,mentions,-1.4124784507487282e-05
daily_refit,2026-05-21,z_score,-3.818618336675357e-05
daily_refit,2026-05-21,mentions_momentum,4.831587585174569e-07
daily_refit,2026-05-21,mentions_rank,0.0029867461668546345
daily_refit,2026-05-22,intercept,0.00024328140620501144
daily_refit,2026-05-22,mentions,-1.4093851431056873e-05
daily_refit,2026-05-22,z_score,-3.937865384844645e-05
daily_refit,2026-05-22,mentions_momentum,5.309814612811879e-07
daily_refit,2026-05-22,mentions_rank,0.002973742530570865
daily_refit,2026-05-26,intercept,0.00024220464609700688
daily_refit,2026-05-26,mentions,-1.4140565550336946e-05
daily_refit,2026-05-26,z_score,-3.9435112434922095e-05
daily_refit,2026-05-26,mentions_momentum,5.804737400917544e-07
daily_refit,2026-05-26,mentions_rank,0.002996711194619423
daily_refit,2026-05-27,intercept,0.0002388772448375738
daily_refit,2026-05-27,mentions,-1.4225408041179235e-05
daily_refit,2026-05-27,z_score,-3.9418373995786435e-05
daily_refit,2026-05-27,mentions_momentum,5.455918360507588e-07
daily_refit,2026-05-27,mentions_rank,0.003005673686024609
daily_refit,2026-05-28,intercept,0.00024007462101528166
daily_refit,2026-05-28,mentions,-1.4193938778479125e-05
daily_refit,2026-05-28,z_score,-3.833455752769276e-05
daily_refit,2026-05-28,mentions_momentum,4.232261904612547e-07
daily_refit,2026-05-28,mentions_rank,0.0030484428900988355
daily_refit,2026-05-29,intercept,0.0002317665476093247
daily_refit,2026-05-29,mentions,-1.412781591817651e-05
daily_refit,2026-05-29,z_score,-3.69392621668164e-05
daily_refit,2026-05-29,mentions_momentum,4.792571783016804e-07
daily_refit,2026-05-29,mentions_rank,0.003094061538481915
daily_refit,2026-06-01,intercept,0.00023288085786118468
daily_refit,2026-06-01,mentions,-1.3711632939785427e-05
daily_refit,2026-06-01,z_score,-3.4505328482376915e-05
daily_refit,2026-06-01,mentions_momentum,-1.552307063873071e-07
daily_refit,2026-06-01,mentions_rank,0.0031054756850094987
daily_refit,2026-06-02,intercept,0.00023147222315985164
daily_refit,2026-06-02,mentions,-1.3847160090888887e-05
daily_refit,2026-06-02,z_score,-3.806936530642831e-05
daily_refit,2026-06-02,mentions_momentum,-1.382186920365023e-07
daily_refit,2026-06-02,mentions_rank,0.0031259773999018207
daily_refit,2026-06-03,intercept,0.00024186096551816663
daily_refit,2026-06-03,mentions,-1.4219408221566977e-05
daily_refit,2026-06-03,z_score,-4.238260114061429e-05
daily_refit,2026-06-03,mentions_momentum,-6.868647829972488e-08
daily_refit,2026-06-03,mentions_rank,0.0030713093541773965
daily_refit,2026-06-04,intercept,0.00024383624447174912
daily_refit,2026-06-04,mentions,-1.4023270304710199e-05
daily_refit,2026-06-04,z_score,-4.198267445425062e-05
daily_refit,2026-06-04,mentions_momentum,-2.2126321227084372e-07
daily_refit,2026-06-04,mentions_rank,0.003044336432015213
daily_refit,2026-06-05,intercept,0.00023945808775284488
daily_refit,2026-06-05,mentions,-1.412217555495043e-05
daily_refit,2026-06-05,z_score,-4.219948056627196e-05
daily_refit,2026-06-05,mentions_momentum,-6.532541868757277e-09
daily_refit,2026-06-05,mentions_rank,0.0030327325231768727
daily_refit,2026-06-08,intercept,0.0002387686531682978
daily_refit,2026-06-08,mentions,-1.403659407956397e-05
daily_refit,2026-06-08,z_score,-4.172176255267709e-05
daily_refit,2026-06-08,mentions_momentum,-1.2181524361915183e-07
daily_refit,2026-06-08,mentions_rank,0.003038214740915846
daily_refit,2026-06-09,intercept,0.0002462655858008878
daily_refit,2026-06-09,mentions,-1.4005187982429806e-05
daily_refit,2026-06-09,z_score,-4.113915456522567e-05
daily_refit,2026-06-09,mentions_momentum,-9.355832018790838e-08
daily_refit,2026-06-09,mentions_rank,0.002971673319962848
daily_refit,2026-06-10,intercept,0.00024166150762595785
daily_refit,2026-06-10,mentions,-1.392683114622235e-05
daily_refit,2026-06-10,z_score,-4.060603369342352e-05
daily_refit,2026-06-10,mentions_momentum,-1.531737409420746e-07
daily_refit,2026-06-10,mentions_rank,0.002945533161165395
daily_refit,2026-06-11,intercept,0.0002548858905646495
daily_refit,2026-06-11,mentions,-1.383697690880619e-05
daily_refit,2026-06-11,z_score,-4.0336567236976385e-05
daily_refit,2026-06-11,mentions_momentum,-8.936791570549895e-08
daily_refit,2026-06-11,mentions_rank,0.0029444532003139634
daily_refit,2026-06-12,intercept,0.00026061035860109195
daily_refit,2026-06-12,mentions,-1.3754826597602626e-05
daily_refit,2026-06-12,z_score,-3.90291542911089e-05
daily_refit,2026-06-12,mentions_momentum,-1.5556714593263428e-07
daily_refit,2026-06-12,mentions_rank,0.0029751996173703545
daily_refit,2026-06-16,intercept,0.0002547473500683344
daily_refit,2026-06-16,mentions,-1.3799223551447869e-05
daily_refit,2026-06-16,z_score,-3.892532046587982e-05
daily_refit,2026-06-16,mentions_momentum,-1.1870537405515289e-07
daily_refit,2026-06-16,mentions_rank,0.0029719155527356727
daily_refit,2026-06-17,intercept,0.00024704797081184825
daily_refit,2026-06-17,mentions,-1.3813631631557914e-05
daily_refit,2026-06-17,z_score,-3.823707955455398e-05
daily_refit,2026-06-17,mentions_momentum,-1.3954249738080886e-07
daily_refit,2026-06-17,mentions_rank,0.002984499914009416
daily_refit,2026-06-18,intercept,0.00023975127691927228
daily_refit,2026-06-18,mentions,-1.3835521473003958e-05
daily_refit,2026-06-18,z_score,-3.8596254697017296e-05
daily_refit,2026-06-18,mentions_momentum,-1.262932394566127e-07
daily_refit,2026-06-18,mentions_rank,0.0030143425624459615
daily_refit,2026-06-22,intercept,0.00024060601800715009
daily_refit,2026-06-22,mentions,-1.3820388678493728e-05
daily_refit,2026-06-22,z_score,-3.895440420403934e-05
daily_refit,2026-06-22,mentions_momentum,-1.4956761561255365e-07
daily_refit,2026-06-22,mentions_rank,0.002953254089409458
daily_refit,2026-06-23,intercept,0.00024630300577769784
daily_refit,2026-06-23,mentions,-1.3754122825201267e-05
daily_refit,2026-06-23,z_score,-3.89619321010263e-05
daily_refit,2026-06-23,mentions_momentum,-1.6213903597498335e-07
daily_refit,2026-06-23,mentions_rank,0.0029366517065240153
daily_refit,2026-06-24,intercept,0.00025821281761767887
daily_refit,2026-06-24,mentions,-1.3304845433569879e-05
daily_refit,2026-06-24,z_score,-3.79456998076889e-05
daily_refit,2026-06-24,mentions_momentum,-5.296777869141667e-07
daily_refit,2026-06-24,mentions_rank,0.0028987451439110353
daily_refit,2026-06-25,intercept,0.0002584930986906298
daily_refit,2026-06-25,mentions,-1.3587287616720876e-05
daily_refit,2026-06-25,z_score,-3.8157393307182864e-05
daily_refit,2026-06-25,mentions_momentum,-7.085422978104183e-07
daily_refit,2026-06-25,mentions_rank,0.0028712308506488823
daily_refit,2026-06-26,intercept,0.0002661087042114099
daily_refit,2026-06-26,mentions,-1.357888848973301e-05
daily_refit,2026-06-26,z_score,-3.834308957795429e-05
daily_refit,2026-06-26,mentions_momentum,-6.240419753543029e-07
daily_refit,2026-06-26,mentions_rank,0.002879814967861102
daily_refit,2026-06-29,intercept,0.0002616247381634339
daily_refit,2026-06-29,mentions,-1.3621691335117514e-05
daily_refit,2026-06-29,z_score,-3.8190177882299384e-05
daily_refit,2026-06-29,mentions_momentum,-6.133964794077688e-07
daily_refit,2026-06-29,mentions_rank,0.002897701971494305
daily_refit,2026-06-30,intercept,0.0002617105528135759
daily_refit,2026-06-30,mentions,-1.3620934197017563e-05
daily_refit,2026-06-30,z_score,-3.908340413234504e-05
daily_refit,2026-06-30,mentions_momentum,-6.067704392736972e-07
daily_refit,2026-06-30,mentions_rank,0.0028962980842190946
daily_refit,2026-07-01,intercept,0.0002717498916773666
daily_refit,2026-07-01,mentions,-1.3554624253338867e-05
daily_refit,2026-07-01,z_score,-3.962219302436095e-05
daily_refit,2026-07-01,mentions_momentum,-5.520137892283769e-07
daily_refit,2026-07-01,mentions_rank,0.002876876654916923
daily_refit,2026-07-02,intercept,0.0002757705433142658
daily_refit,2026-07-02,mentions,-1.3581295476663378e-05
daily_refit,2026-07-02,z_score,-3.990931118388627e-05
daily_refit,2026-07-02,mentions_momentum,-5.621665788009831e-07
daily_refit,2026-07-02,mentions_rank,0.002853159006623605
daily_refit,2026-07-06,intercept,0.00028064254865721065
daily_refit,2026-07-06,mentions,-1.3666027507723517e-05
daily_refit,2026-07-06,z_score,-4.087909028687218e-05
daily_refit,2026-07-06,mentions_momentum,-4.1874426890926464e-07
daily_refit,2026-07-06,mentions_rank,0.0028331651342617843
daily_refit,2026-07-07,intercept,0.00027091152853847577
daily_refit,2026-07-07,mentions,-1.3679256525494832e-05
daily_refit,2026-07-07,z_score,-4.0672627719397864e-05
daily_refit,2026-07-07,mentions_momentum,-4.5073864216531475e-07
daily_refit,2026-07-07,mentions_rank,0.002831572157107516
daily_refit,2026-07-08,intercept,0.0002641954040647152
daily_refit,2026-07-08,mentions,-1.3538793689130292e-05
daily_refit,2026-07-08,z_score,-4.022635533803033e-05
daily_refit,2026-07-08,mentions_momentum,-5.99491264284145e-07
daily_refit,2026-07-08,mentions_rank,0.002866755519132765
daily_refit,2026-07-09,intercept,0.00027024154078997406
daily_refit,2026-07-09,mentions,-1.3637964257241049e-05
daily_refit,2026-07-09,z_score,-4.068232351201144e-05
daily_refit,2026-07-09,mentions_momentum,-5.508317794815021e-07
daily_refit,2026-07-09,mentions_rank,0.0028780943097621234
daily_refit,2026-07-10,intercept,0.0002725571157364965
daily_refit,2026-07-10,mentions,-1.3617411302548974e-05
daily_refit,2026-07-10,z_score,-4.051694086091844e-05
daily_refit,2026-07-10,mentions_momentum,-5.55594853207056e-07
daily_refit,2026-07-10,mentions_rank,0.0028629627961902922
daily_refit,2026-07-13,intercept,0.00026993044737941144
daily_refit,2026-07-13,mentions,-1.3599187536276442e-05
daily_refit,2026-07-13,z_score,-4.066395581148963e-05
daily_refit,2026-07-13,mentions_momentum,-5.456670170168513e-07
daily_refit,2026-07-13,mentions_rank,0.0028683805408750876
daily_refit,2026-07-14,intercept,0.00026722095547775706
daily_refit,2026-07-14,mentions,-1.3632843026144262e-05
daily_refit,2026-07-14,z_score,-4.072726368767945e-05
daily_refit,2026-07-14,mentions_momentum,-5.355807982235233e-07
daily_refit,2026-07-14,mentions_rank,0.0028788670819636973
daily_refit,2026-07-15,intercept,0.0002664315257613307
daily_refit,2026-07-15,mentions,-1.3607989742936094e-05
daily_refit,2026-07-15,z_score,-4.23884552023899e-05
daily_refit,2026-07-15,mentions_momentum,-5.381698731070578e-07
daily_refit,2026-07-15,mentions_rank,0.0028509880077723774
daily_refit,2026-07-16,intercept,0.0002771041137555361
daily_refit,2026-07-16,mentions,-1.3447153882672347e-05
daily_refit,2026-07-16,z_score,-4.156628443589499e-05
daily_refit,2026-07-16,mentions_momentum,-6.298279396117853e-07
daily_refit,2026-07-16,mentions_rank,0.002765867908887156
daily_refit,2026-07-17,intercept,0.00027409233116855957
daily_refit,2026-07-17,mentions,-1.3293000300942142e-05
daily_refit,2026-07-17,z_score,-4.2232702597229404e-05
daily_refit,2026-07-17,mentions_momentum,-5.314782171561268e-07
daily_refit,2026-07-17,mentions_rank,0.0027873463668560646
daily_refit,2026-07-20,intercept,0.0002668676198116837
daily_refit,2026-07-20,mentions,-1.3279259163921815e-05
daily_refit,2026-07-20,z_score,-4.200706962763288e-05
daily_refit,2026-07-20,mentions_momentum,-5.761495326303085e-07
daily_refit,2026-07-20,mentions_rank,0.002803593187794724
daily_refit,2026-07-21,intercept,0.00026975179166840904
daily_refit,2026-07-21,mentions,-1.3277278230094253e-05
daily_refit,2026-07-21,z_score,-4.238168472419173e-05
daily_refit,2026-07-21,mentions_momentum,-5.733996435440016e-07
daily_refit,2026-07-21,mentions_rank,0.002802414492834996
daily_refit,2026-07-22,intercept,0.00026449041663090576
daily_refit,2026-07-22,mentions,-1.3305449490220254e-05
daily_refit,2026-07-22,z_score,-4.1980167596550436e-05
daily_refit,2026-07-22,mentions_momentum,-5.744396491091473e-07
daily_refit,2026-07-22,mentions_rank,0.002798956239142832
daily_refit,2026-07-23,intercept,0.0002676223107243342
daily_refit,2026-07-23,mentions,-1.3291848200704747e-05
daily_refit,2026-07-23,z_score,-4.1529536509396325e-05
daily_refit,2026-07-23,mentions_momentum,-6.196669569626233e-07
daily_refit,2026-07-23,mentions_rank,0.0027795003319277256
daily_refit,2026-07-24,intercept,0.00028065506523883006
daily_refit,2026-07-24,mentions,-1.3258473214154833e-05
daily_refit,2026-07-24,z_score,-4.219939186834091e-05
daily_refit,2026-07-24,mentions_momentum,-8.377162989208549e-07
daily_refit,2026-07-24,mentions_rank,0.002747962632262378
daily_refit,2026-07-27,intercept,0.000288344806078814
daily_refit,2026-07-27,mentions,-1.3295209457757658e-05
daily_refit,2026-07-27,z_score,-4.225764639113576e-05
daily_refit,2026-07-27,mentions_momentum,-6.590748975204345e-07
daily_refit,2026-07-27,mentions_rank,0.0027087364278154144
daily_refit,2026-07-28,intercept,0.00029411117291160507
daily_refit,2026-07-28,mentions,-1.3259370945731193e-05
daily_refit,2026-07-28,z_score,-4.22085652666518e-05
daily_refit,2026-07-28,mentions_momentum,-6.95948573453208e-07
daily_refit,2026-07-28,mentions_rank,0.0026882817420184005
daily_refit,2026-07-29,intercept,0.0002865894714405983
daily_refit,2026-07-29,mentions,-1.3429734192650126e-05
daily_refit,2026-07-29,z_score,-3.5924670544314976e-05
daily_refit,2026-07-29,mentions_momentum,-6.881538005929008e-07
daily_refit,2026-07-29,mentions_rank,0.0027101728840044728
daily_refit,2026-07-30,intercept,0.0002822781359783289
daily_refit,2026-07-30,mentions,-1.2984966034805179e-05
daily_refit,2026-07-30,z_score,-3.584657698342721e-05
daily_refit,2026-07-30,mentions_momentum,-1.1589310701272418e-06
daily_refit,2026-07-30,mentions_rank,0.0027413967665691577
daily_refit,2026-07-31,intercept,0.00028674009074844696
daily_refit,2026-07-31,mentions,-1.2912662779462566e-05
daily_refit,2026-07-31,z_score,-3.7460603863366134e-05
daily_refit,2026-07-31,mentions_momentum,-1.2169365905180395e-06
daily_refit,2026-07-31,mentions_rank,0.0027114060057380827
daily_refit,2026-08-03,intercept,0.0002887947267279983
daily_refit,2026-08-03,mentions,-1.2856598235452021e-05
daily_refit,2026-08-03,z_score,-3.803630845820767e-05
daily_refit,2026-08-03,mentions_momentum,-1.367227721289176e-06
daily_refit,2026-08-03,mentions_rank,0.0027545246271543124
daily_refit,2026-08-04,intercept,0.0003032203239946223
daily_refit,2026-08-04,mentions,-1.2734110707575964e-05
daily_refit,2026-08-04,z_score,-3.886318984951373e-05
daily_refit,2026-08-04,mentions_momentum,-1.2858174539386344e-06
daily_refit,2026-08-04,mentions_rank,0.002749413584086441
daily_refit,2026-08-05,intercept,0.00030213442909312645
daily_refit,2026-08-05,mentions,-1.2870581377769105e-05
daily_refit,2026-08-05,z_score,-3.992616920770185e-05
daily_refit,2026-08-05,mentions_momentum,-1.2312263535443262e-06
daily_refit,2026-08-05,mentions_rank,0.0027208938930064347
daily_refit,2026-08-06,intercept,0.00029758361398136366
daily_refit,2026-08-06,mentions,-1.2319480098413351e-05
daily_refit,2026-08-06,z_score,-3.72848561203791e-05
daily_refit,2026-08-06,mentions_momentum,-1.4091343986251057e-06
daily_refit,2026-08-06,mentions_rank,0.0027089995092950906
daily_refit,2026-08-07,intercept,0.00029876834561785837
daily_refit,2026-08-07,mentions,-1.2609410565412438e-05
daily_refit,2026-08-07,z_score,-3.710526062828465e-05
daily_refit,2026-08-07,mentions_momentum,-9.811059561081674e-07
daily_refit,2026-08-07,mentions_rank,0.002727226793748504
daily_refit,2026-08-10,intercept,0.000298912170503041
daily_refit,2026-08-10,mentions,-1.2603079312395614e-05
daily_refit,2026-08-10,z_score,-3.769639234484277e-05
daily_refit,2026-08-10,mentions_momentum,-9.827676504110739e-07
daily_refit,2026-08-10,mentions_rank,0.002730773560613594
daily_refit,2026-08-11,intercept,0.00030102733726101435
daily_refit,2026-08-11,mentions,-1.2659713593427162e-05
daily_refit,2026-08-11,z_score,-3.654339274558387e-05
daily_refit,2026-08-11,mentions_momentum,-9.691553250160898e-07
daily_refit,2026-08-11,mentions_rank,0.002744806235732136
daily_refit,2026-08-12,intercept,0.00030457502332824625
daily_refit,2026-08-12,mentions,-1.2618088692031238e-05
daily_refit,2026-08-12,z_score,-3.669049884109813e-05
daily_refit,2026-08-12,mentions_momentum,-9.283596387706424e-07
daily_refit,2026-08-12,mentions_rank,0.0027426516761412745
daily_refit,2026-08-13,intercept,0.00030608938593978377
daily_refit,2026-08-13,mentions,-1.2639877964901652e-05
daily_refit,2026-08-13,z_score,-3.8845233984797905e-05
daily_refit,2026-08-13,mentions_momentum,-9.471423443135278e-07
daily_refit,2026-08-13,mentions_rank,0.0027699066328937764
daily_refit,2026-08-14,intercept,0.00030151193554786186
daily_refit,2026-08-14,mentions,-1.265524868355806e-05
daily_refit,2026-08-14,z_score,-3.837827812165521e-05
daily_refit,2026-08-14,mentions_momentum,-9.207733615811258e-07
daily_refit,2026-08-14,mentions_rank,0.002778976825010432
daily_refit,2026-08-17,intercept,0.0003013029297761068
daily_refit,2026-08-17,mentions,-1.262165503004755e-05
daily_refit,2026-08-17,z_score,-3.803845342247981e-05
daily_refit,2026-08-17,mentions_momentum,-9.309467875847251e-07
daily_refit,2026-08-17,mentions_rank,0.0027515722798416276
daily_refit,2026-08-18,intercept,0.00030168660969544296
daily_refit,2026-08-18,mentions,-1.2603688899196966e-05
daily_refit,2026-08-18,z_score,-3.785260169696812e-05
daily_refit,2026-08-18,mentions_momentum,-9.481606680734866e-07
daily_refit,2026-08-18,mentions_rank,0.002743666409283319
daily_refit,2026-08-19,intercept,0.00029681970368092205
daily_refit,2026-08-19,mentions,-1.2636792034144344e-05
daily_refit,2026-08-19,z_score,-3.881082676624592e-05
daily_refit,2026-08-19,mentions_momentum,-9.09758587396491e-07
daily_refit,2026-08-19,mentions_rank,0.0027476950086248717
daily_refit,2026-08-20,intercept,0.00029518704121620117
daily_refit,2026-08-20,mentions,-1.2652649117197493e-05
daily_refit,2026-08-20,z_score,-5.4923504945458306e-05
daily_refit,2026-08-20,mentions_momentum,-8.835273243155188e-07
daily_refit,2026-08-20,mentions_rank,0.0027869890307476463
daily_refit,2026-08-21,intercept,0.00029534912434806644
daily_refit,2026-08-21,mentions,-1.25565124867312e-05
daily_refit,2026-08-21,z_score,-5.490526198356963e-05
daily_refit,2026-08-21,mentions_momentum,-1.0509465030464627e-06
daily_refit,2026-08-21,mentions_rank,0.002780021694104929
daily_refit,2026-08-24,intercept,0.00029678245876538044
daily_refit,2026-08-24,mentions,-1.2562190728561179e-05
daily_refit,2026-08-24,z_score,-5.543306536533062e-05
daily_refit,2026-08-24,mentions_momentum,-1.0445923231449097e-06
daily_refit,2026-08-24,mentions_rank,0.0027798626476740504
daily_refit,2026-08-25,intercept,0.0002916729946829762
daily_refit,2026-08-25,mentions,-1.2582681871208893e-05
daily_refit,2026-08-25,z_score,-5.53709900191372e-05
daily_refit,2026-08-25,mentions_momentum,-1.0382387503810022e-06
daily_refit,2026-08-25,mentions_rank,0.002790565291875524
daily_refit,2026-08-26,intercept,0.0002910991109772424
daily_refit,2026-08-26,mentions,-1.2573356640688434e-05
daily_refit,2026-08-26,z_score,-5.452411653016603e-05
daily_refit,2026-08-26,mentions_momentum,-1.0089363142877492e-06
daily_refit,2026-08-26,mentions_rank,0.0028133802992699416
daily_refit,2026-08-27,intercept,0.0002930856207906892
daily_refit,2026-08-27,mentions,-1.2377973222182741e-05
daily_refit,2026-08-27,z_score,-5.420970277859503e-05
daily_refit,2026-08-27,mentions_momentum,-9.35903689428999e-07
daily_refit,2026-08-27,mentions_rank,0.0027985989679101078
daily_refit,2026-08-28,intercept,0.0002808916512198882
daily_refit,2026-08-28,mentions,-1.2685549070412839e-05
daily_refit,2026-08-28,z_score,-5.5080391176193076e-05
daily_refit,2026-08-28,mentions_momentum,-6.622174780634767e-07
daily_refit,2026-08-28,mentions_rank,0.0028373670924567657
daily_refit,2026-08-31,intercept,0.0002778219247368181
daily_refit,2026-08-31,mentions,-1.2727499805464406e-05
daily_refit,2026-08-31,z_score,-5.515986714520636e-05
daily_refit,2026-08-31,mentions_momentum,-6.107325042500521e-07
daily_refit,2026-08-31,mentions_rank,0.002847516342658366
